1,01-01-17,231.5,20.5,0,6.9,1.2,16.3,73.17,12,Rangpur,PurpleAir,Winter,wi
2,03-01-17,181.9,21.4,0,9.2,1.7,14.4,69.74,13,Khulna,IQAir,Winter,sd
3,04-01-17,127.7,20.8,0,11.4,2,0.2,67.64,23,Khulna,PurpleAir,Winter,xc
4,05-01-17,206.8,19.6,0,10.3,1.2,20,79.39,15,Sylhet,IQAir,Winter,zxczx
5,07-01-17,227.1,18.9,0,8.1,1.3,28.2,73.95,1,Rajshahi,EPA,Winter,xzczxc
6,08-01-17,143.4,20.3,0,11.4,1.8,9.8,65.89,8,Khulna,PurpleAir,Winter,zxczxc
7,10-01-17,184,20.1,0,13.9,2.1,29.5,66.2,18,Barishal,PurpleAir,Winter,xzczxc
8,11-01-17,176.3,19.7,0,8.5,1.7,6,67.23,13,Chittagong,IQAir,Winter,
9,13-01-17,120.9,18.1,0,13.9,2.2,0,58.59,11,Khulna,PurpleAir,Winter,
10,14-01-17,139.4,17.4,0,10.3,2.4,0,51.3,23,Chittagong,PurpleAir,Winter,
11,15-01-17,177.5,18.1,0,11.4,2,0.1,63.78,7,Sylhet,PurpleAir,Winter,
12,17-01-17,254.4,18.7,0,10.6,1.7,4.2,63.59,21,Chittagong,EPA,Winter,
13,18-01-17,289.4,19.5,0,6.9,1.7,8.1,65.25,5,Dhaka,IQAir,Winter,
14,20-01-17,206.2,20.2,0,9.2,2.2,15.9,61.19,15,Mymensingh,PurpleAir,Winter,
15,21-01-17,193.9,19.8,0,8.1,2.1,0,62.94,16,Sylhet,EPA,Winter,
16,23-01-17,213.4,21.1,0,10.3,2.1,0,61.31,2,Sylhet,IQAir,Winter,
17,24-01-17,159.6,21.1,0,9.2,2,2.1,62.8,6,Sylhet,IQAir,Winter,
18,25-01-17,247.8,22.1,0,6.9,1.8,0,66.67,7,Chittagong,PurpleAir,Winter,
19,27-01-17,285.8,22.2,0,8.1,1.8,55.2,65.61,4,Chittagong,PurpleAir,Winter,
20,28-01-17,192.2,22,0,9.2,1.8,29,67.63,7,Rajshahi,IQAir,Winter,
21,30-01-17,125.7,20.8,0,9.2,2.2,3.7,62.49,21,Rangpur,EPA,Winter,
22,31-01-17,177.1,20.5,0,9.2,2,0,64.01,16,Rajshahi,EPA,Winter,
23,02-02-17,171.5,21,0,13.9,2,0,61.76,17,Rangpur,PurpleAir,Winter,
24,03-02-17,232.6,19.9,0,9.2,1.8,0.1,71.47,17,Khulna,EPA,Winter,
25,04-02-17,170.3,21.6,0,8.3,1.8,5.6,67.07,18,Mymensingh,PurpleAir,Winter,
26,06-02-17,162.5,23.8,0,9.2,2.2,2.2,55.29,7,Rangpur,PurpleAir,Winter,
27,07-02-17,122.6,23.3,0,10.3,2.4,0.2,58.03,2,Chittagong,IQAir,Winter,
28,09-02-17,146.8,22.3,0,11.4,2.3,0,55.65,13,Rangpur,IQAir,Winter,
29,10-02-17,248.2,22.2,0,6.9,2.2,0,58.01,13,Sylhet,IQAir,Winter,
30,12-02-17,122.9,23.7,0,9.2,2.4,4.7,53.69,7,Khulna,PurpleAir,Winter,
31,13-02-17,167.9,23.9,0,10.3,2.4,2.4,47.46,5,Chittagong,PurpleAir,Winter,
32,14-02-17,218,24.1,0,6.9,2.3,5.6,57.33,12,Sylhet,IQAir,Winter,
33,16-02-17,211.5,23.8,0,10.3,2.2,1.5,57.46,21,Barishal,EPA,Winter,
34,17-02-17,186.6,23.5,0,6.9,2.3,0,56.75,10,Sylhet,IQAir,Winter,
35,19-02-17,265.2,24.5,0,7.3,2.2,24.1,60.52,13,Rangpur,IQAir,Winter,
36,20-02-17,179.8,24.4,0,11.4,1.7,30.7,72.37,1,Rangpur,EPA,Winter,
37,22-02-17,117.5,26.2,0,13.9,2.4,56.2,66.9,18,Dhaka,PurpleAir,Winter,
38,23-02-17,62,25.5,5.4,12.8,2.4,56.2,63.48,11,Khulna,EPA,Winter,
39,24-02-17,32.5,24.1,0,11.4,2.5,0.4,46.72,7,Rajshahi,EPA,Winter,
40,26-02-17,3.1,23.5,0,11.4,2.5,0,48.62,10,Rangpur,EPA,Winter,
41,27-02-17,144.8,24.4,0,13.9,2.3,0,50.71,2,Chittagong,IQAir,Winter,
42,01-03-17,182.3,24.9,0,9.2,2.5,0,46.84,14,Khulna,IQAir,Spring,
43,02-03-17,169.8,25.6,0,11.4,2.2,0,54.21,1,Dhaka,IQAir,Spring,
44,04-03-17,83.3,26.2,0,11.4,2.6,47,57.84,14,Rajshahi,PurpleAir,Spring,
45,05-03-17,53.3,25.7,3.2,11.4,2.5,73.5,71.03,7,Dhaka,EPA,Spring,
46,06-03-17,69,24.3,17.74,9.2,2.5,57.9,72.06,16,Dhaka,EPA,Spring,
47,08-03-17,104.8,24.5,24.91,13.9,2.3,56.6,64.69,11,Chittagong,EPA,Spring,
48,09-03-17,68.6,23.4,0,9.2,2.5,40.4,68.14,13,Rajshahi,PurpleAir,Spring,
49,11-03-17,47.5,22.4,67.02,11.4,2.3,84.1,83.9,21,Khulna,IQAir,Spring,
50,12-03-17,88.8,24.8,19.48,11.4,2.4,70,67.05,7,Barishal,EPA,Spring,
51,14-03-17,81.3,24.3,0,13.9,2.7,0,48.34,22,Dhaka,PurpleAir,Spring,
52,15-03-17,118.6,24.5,0,11.4,2.7,8.6,47.43,21,Dhaka,EPA,Spring,
53,16-03-17,140.8,24,0,13.9,2.4,0,51.36,23,Rajshahi,IQAir,Spring,
54,18-03-17,68,24.1,30,13.9,2.5,60.3,69.65,20,Rajshahi,PurpleAir,Spring,
55,19-03-17,106.2,24.1,8.4,9.2,2.5,40.3,59.44,11,Barishal,IQAir,Spring,
56,21-03-17,101,22.6,1.2,11.4,2.5,41.7,64.37,3,Sylhet,EPA,Spring,
57,22-03-17,109.8,24.6,0,9.2,2.5,31.5,60.59,17,Mymensingh,EPA,Spring,
58,24-03-17,121.9,27.3,0,10.3,2.6,36.9,63.25,19,Rangpur,PurpleAir,Spring,
59,25-03-17,55.9,24.5,12.79,9.2,2.4,58,73.52,8,Chittagong,PurpleAir,Spring,
60,26-03-17,76.3,24.8,0,6.9,2.5,62.3,72.06,23,Rajshahi,PurpleAir,Spring,
61,28-03-17,55.7,26.8,0,11.4,2.4,65.7,76.96,1,Chittagong,IQAir,Spring,
62,29-03-17,50.6,26.1,31.49,13.4,2.4,76.3,80.48,22,Chittagong,IQAir,Spring,
63,31-03-17,45.3,29.3,4.7,17.2,2.6,63.9,70.26,20,Sylhet,IQAir,Spring,
64,01-04-17,33.9,29.2,18,15,2.7,64.7,69.02,2,Dhaka,PurpleAir,Spring,
65,03-04-17,40.2,28.7,0,23,2.6,71.2,69.91,10,Chittagong,EPA,Spring,
66,04-04-17,36,26.4,26.7,13.9,2.6,81.2,71.14,18,Sylhet,PurpleAir,Spring,
67,05-04-17,44.6,25.1,43.73,17.2,2.6,66,80.71,23,Sylhet,EPA,Spring,
68,07-04-17,67.6,29,7,11.4,2.4,63.1,72.6,14,Khulna,IQAir,Spring,
69,08-04-17,61.7,29.6,0,11.4,2.6,51.7,70.35,11,Barishal,PurpleAir,Spring,
70,10-04-17,67.6,30,0,11.4,2.6,31.1,64.51,19,Rangpur,IQAir,Spring,
71,11-04-17,74.2,30.4,0,11.4,2.7,22.9,58.65,8,Chittagong,PurpleAir,Spring,
72,13-04-17,129.8,30,0,9.2,2.7,1.4,58.98,18,Mymensingh,IQAir,Spring,
73,14-04-17,149.9,30.2,0,11.4,2.6,5.5,55.11,13,Rangpur,PurpleAir,Spring,
74,15-04-17,63.3,29.3,0,11.4,2.6,36.2,63.17,23,Chittagong,EPA,Spring,
75,17-04-17,78.1,28.7,0,11.4,2.7,3.4,56.56,23,Rajshahi,IQAir,Spring,
76,18-04-17,61.4,29.5,0,13.9,2.6,32.4,63.24,23,Rangpur,IQAir,Spring,
77,20-04-17,41.8,25.4,14.12,18.3,2.5,65.7,78.63,2,Dhaka,PurpleAir,Spring,
78,21-04-17,45.3,25.4,19.33,17.2,2.5,83.4,80.33,2,Khulna,EPA,Spring,
79,23-04-17,56,23.9,24.97,25.3,2.4,90.4,86.64,5,Chittagong,EPA,Spring,
80,24-04-17,44.4,23.1,66.28,24.2,2.4,90,86.72,4,Mymensingh,PurpleAir,Spring,
81,25-04-17,64.5,27.5,44,16.1,2.5,75.2,79.49,3,Khulna,IQAir,Spring,
82,27-04-17,58.3,30,0,13.9,2.6,80.1,73.17,13,Chittagong,PurpleAir,Spring,
83,28-04-17,64,29.9,0,13.9,2.6,57.9,73.2,2,Chittagong,EPA,Spring,
84,30-04-17,59.7,28.1,3.51,28.9,2.6,48.5,71.2,19,Sylhet,IQAir,Spring,
85,01-05-17,40,26.9,18.26,15.9,2.5,68.3,70.84,3,Chittagong,EPA,Spring,
86,03-05-17,91.1,29.7,0,11.4,2.5,41.4,67.94,23,Mymensingh,PurpleAir,Spring,
87,04-05-17,60.7,29.4,0,17.2,2.6,26.7,67.27,5,Khulna,IQAir,Spring,
88,05-05-17,59.1,30.3,0,11.4,2.6,49.5,68.2,16,Dhaka,IQAir,Spring,
89,07-05-17,36,29.4,0,12.8,2.6,62.1,70.37,23,Rajshahi,PurpleAir,Spring,
90,08-05-17,45.5,30.9,0,11.4,2.6,67,65.28,3,Rangpur,IQAir,Spring,
91,10-05-17,81.5,28.2,4,8.1,2.6,57.5,74.24,22,Rajshahi,EPA,Spring,
92,11-05-17,43.8,30.2,0,11.4,2.6,57.7,68.25,20,Sylhet,PurpleAir,Spring,
93,13-05-17,59.1,29.9,0.4,11.4,2.7,68,72.09,3,Khulna,EPA,Spring,
94,14-05-17,47.6,28.9,34.55,9.2,2.6,58.2,74.21,9,Barishal,IQAir,Spring,
95,15-05-17,31.2,28.1,54.91,16.1,2.6,76.6,78.25,5,Sylhet,EPA,Spring,
96,17-05-17,49.5,28.2,11.97,40.3,2.5,78.6,79.19,7,Khulna,IQAir,Spring,
97,18-05-17,36.7,29.2,37.08,11.4,2.6,53.6,69.8,20,Barishal,IQAir,Spring,
98,20-05-17,57,31.2,0,11.4,2.6,50,69.88,13,Sylhet,EPA,Spring,
99,21-05-17,46.2,31.2,0,13.9,2.6,54.1,69.91,4,Rajshahi,PurpleAir,Spring,
100,23-05-17,49,32,0,11.4,2.7,48.9,69.34,12,Dhaka,PurpleAir,Spring,
101,24-05-17,46.4,32.3,0,11.4,2.7,54,69.31,10,Rangpur,PurpleAir,Spring,
102,25-05-17,38.2,32.1,0,13.9,2.6,40.5,67.04,16,Mymensingh,IQAir,Spring,
103,27-05-17,55.5,29.7,2.97,8.1,2.6,66.1,74.46,3,Sylhet,PurpleAir,Spring,
104,28-05-17,73.5,30.2,3.6,9.2,2.6,53.7,73.03,10,Mymensingh,EPA,Spring,
105,30-05-17,20.6,27.6,35.4,10.3,2.5,87.3,82.86,14,Sylhet,IQAir,Spring,
106,31-05-17,61.4,28.9,22.48,20.8,2.6,78.3,78.18,3,Khulna,PurpleAir,Spring,
107,02-06-17,33.5,27.8,46.55,17.2,2.6,87.3,79.23,13,Rajshahi,PurpleAir,Summer,
108,03-06-17,41.1,30.3,32.02,16.1,2.6,74.6,74.95,4,Dhaka,EPA,Summer,
109,04-06-17,38.1,30,7.66,19.3,2.6,67.9,76.4,16,Khulna,EPA,Summer,
110,06-06-17,58.8,29.6,10,9.2,2.6,47,72.62,8,Dhaka,IQAir,Summer,
111,07-06-17,53.6,31.6,1.2,9.2,2.7,41.9,70.4,3,Rajshahi,IQAir,Summer,
112,09-06-17,50.9,29.5,17.2,6.9,2.6,64.5,76.79,10,Barishal,IQAir,Summer,
113,10-06-17,37,31,0,11.4,2.5,50.7,69.14,22,Sylhet,PurpleAir,Summer,
114,12-06-17,8.3,25.6,203.09,18.3,2.4,94.9,94.07,14,Rangpur,IQAir,Summer,
115,13-06-17,35.2,28.5,16.49,13.9,2.5,79.8,80.34,10,Khulna,IQAir,Summer,
116,14-06-17,37.1,28.8,0,11.4,2.5,80.1,85.04,13,Barishal,EPA,Summer,
117,16-06-17,20,26.9,0,13.9,2.5,87.9,87.68,13,Rangpur,PurpleAir,Summer,
118,17-06-17,40,28,0,17.2,2.4,68.6,80.38,1,Rangpur,IQAir,Summer,
119,19-06-17,44,25.8,74.81,13.9,2.3,91.9,90.73,20,Barishal,PurpleAir,Summer,
120,20-06-17,49.8,28,2.2,9.2,2.6,81.2,78.12,21,Barishal,IQAir,Summer,
121,22-06-17,36.1,29,12.99,11.4,2.7,73.5,80.4,21,Rangpur,EPA,Summer,
122,23-06-17,29.7,30,0,11.4,2.6,60.4,72.33,23,Khulna,EPA,Summer,
123,24-06-17,23.8,30.6,5,11.4,2.6,47.6,69.06,22,Chittagong,PurpleAir,Summer,
124,26-06-17,8.2,29.9,4.62,17.2,2.6,59.1,73.86,23,Mymensingh,PurpleAir,Summer,
125,27-06-17,8.3,30,4.97,13.9,2.6,61.7,73.99,5,Barishal,IQAir,Summer,
126,29-06-17,13,29.7,11,12.8,2.7,65.1,77.28,5,Rangpur,PurpleAir,Summer,
127,30-06-17,17.2,29.4,6.4,17.2,2.6,72,78.38,21,Barishal,EPA,Summer,
128,02-07-17,16.6,28.3,68.93,13.9,2.5,85.7,85.53,9,Chittagong,EPA,Summer,
129,03-07-17,33.3,27.8,66.61,11.4,2.4,91.3,88.4,8,Chittagong,EPA,Summer,
130,04-07-17,39.3,27.7,41.71,17.2,2.3,80.1,87.13,20,Rangpur,PurpleAir,Summer,
131,06-07-17,29.2,29,0,13.9,2.5,72.5,79.97,9,Rangpur,PurpleAir,Summer,
132,07-07-17,33.5,28.6,0,11.4,2.5,71.6,83.22,22,Sylhet,IQAir,Summer,
133,09-07-17,26.8,29.4,0,11.4,2.5,68.9,75.58,15,Dhaka,IQAir,Summer,
134,10-07-17,31.7,27.9,0,13.9,2.4,82.1,83.65,10,Barishal,EPA,Summer,
135,12-07-17,31.9,27.7,95.55,11.4,2.4,84.4,84.68,2,Rangpur,PurpleAir,Summer,
136,13-07-17,26.8,28.6,22.18,13.5,2.5,79,79.41,22,Barishal,EPA,Summer,
137,14-07-17,23,29.6,5.76,9.2,2.6,74.3,74.76,3,Rangpur,EPA,Summer,
138,16-07-17,31.4,31.3,4,9.2,2.6,59.9,67.09,13,Barishal,IQAir,Summer,
139,17-07-17,25.9,31,12.47,9.2,2.8,73.7,74.04,13,Khulna,PurpleAir,Summer,
140,19-07-17,13.6,27.5,18.44,13.9,2.1,88.9,88.31,15,Rangpur,PurpleAir,Summer,
141,20-07-17,22.2,26.8,99.09,11.4,2.5,94,90.02,19,Mymensingh,EPA,Summer,
142,22-07-17,17.3,28.8,41.4,11.4,2.6,78,79.36,20,Sylhet,PurpleAir,Summer,
143,23-07-17,18.9,28,32.37,11.4,2.5,85.1,82.89,9,Barishal,IQAir,Summer,
144,24-07-17,20.8,26.9,70.08,18.3,2.5,90.2,90.17,5,Rajshahi,PurpleAir,Summer,
145,26-07-17,29.9,26.7,85.63,9.2,2.4,84,90.62,20,Rangpur,EPA,Summer,
146,27-07-17,35.3,29.5,13.7,9.2,2.6,68.2,77.7,22,Dhaka,IQAir,Summer,
147,29-07-17,44.3,29,11.6,6.9,2.6,72.1,82.31,16,Rajshahi,PurpleAir,Summer,
148,30-07-17,60.8,28.7,18.13,13.9,2.5,71.1,80.53,17,Rajshahi,IQAir,Summer,
149,01-08-17,37.6,30,38,11.4,2.6,70.7,77.35,15,Chittagong,IQAir,Summer,
150,02-08-17,45.3,28.4,60.17,11.4,2.5,82.6,83.38,10,Sylhet,IQAir,Summer,
151,03-08-17,52.6,28.6,207.06,11.4,2.5,76.9,84.85,19,Rangpur,EPA,Summer,
152,05-08-17,22.9,29.8,1.6,12.8,2.6,70.2,77.71,17,Rajshahi,IQAir,Summer,
153,06-08-17,36.8,29.4,18.76,11.4,2.6,76.9,79.32,11,Rangpur,PurpleAir,Summer,
154,08-08-17,37.6,30.2,11.22,13.9,2.6,61.7,75.22,14,Mymensingh,PurpleAir,Summer,
155,09-08-17,30.2,30.3,9.39,11.4,2.6,68.5,75.61,3,Dhaka,PurpleAir,Summer,
156,11-08-17,33.9,27.9,43.76,16.1,2.5,93.4,89.89,3,Barishal,EPA,Summer,
157,12-08-17,28.2,26.9,100.66,11.4,2.1,94.7,91.9,8,Chittagong,IQAir,Summer,
158,13-08-17,35,28.1,25.66,9.2,2.5,86.5,83.65,12,Dhaka,PurpleAir,Summer,
159,15-08-17,38.2,28.3,116.52,9.2,2.5,85.5,86.92,23,Mymensingh,PurpleAir,Summer,
160,16-08-17,63.5,27.8,71.05,9.2,2.4,78.8,86.56,18,Chittagong,PurpleAir,Summer,
161,18-08-17,25.8,29.4,0,11.4,2.6,73.7,78.88,16,Barishal,IQAir,Summer,
162,19-08-17,21,29.8,1,11.4,2.7,70.6,72.52,3,Dhaka,PurpleAir,Summer,
163,21-08-17,43.9,29.5,17.8,11.4,2.6,65.8,77.05,2,Barishal,IQAir,Summer,
164,22-08-17,42.1,29,115.2,11.4,2.4,75.9,79.39,8,Barishal,IQAir,Summer,
165,23-08-17,24.1,28.2,176.24,11.4,2.6,72.4,85.09,5,Khulna,IQAir,Summer,
166,25-08-17,27.8,29.7,33.79,9.2,2.7,58.6,79.68,6,Dhaka,PurpleAir,Summer,
167,26-08-17,22.5,29.9,1,11.4,2.6,62.2,75.2,19,Sylhet,EPA,Summer,
168,28-08-17,22.1,29,14.56,13.9,2.6,74.7,78.5,14,Chittagong,PurpleAir,Summer,
169,29-08-17,27.8,29.1,40.19,11.4,2.6,61.9,77.5,21,Sylhet,EPA,Summer,
170,31-08-17,28.7,28.2,94.5,5.8,2.4,72.3,85.28,19,Sylhet,EPA,Summer,
171,01-09-17,18.5,29.2,87.12,11.4,2.6,71.1,77.99,19,Barishal,IQAir,Autumn,
172,02-09-17,21.9,28.8,17.52,10,2.6,80.8,81.34,12,Rangpur,EPA,Autumn,
173,04-09-17,29.5,30.3,12.55,11.4,2.7,61.4,74.42,3,Rajshahi,IQAir,Autumn,
174,05-09-17,42.8,30.5,2,9.2,2.6,72.9,73.97,7,Khulna,EPA,Autumn,
175,07-09-17,34.2,29.8,0,8.1,2.6,75.4,75.2,12,Sylhet,PurpleAir,Autumn,
176,08-09-17,21.1,30.5,0,11.4,2.6,73.1,73.36,13,Sylhet,PurpleAir,Autumn,
177,10-09-17,23.8,27.7,61.91,11.4,2.4,81.5,85.7,20,Khulna,EPA,Autumn,
178,11-09-17,55.3,26,114.61,11.4,2.2,86,89.72,4,Mymensingh,EPA,Autumn,
179,12-09-17,34,28.4,15.82,6.9,2.6,66.3,80.63,5,Rangpur,EPA,Autumn,
180,14-09-17,34.7,29.8,0,8.1,2.6,69.7,76.48,16,Sylhet,EPA,Autumn,
181,15-09-17,57.1,29.8,0,9.2,2.6,64.2,78.31,10,Chittagong,PurpleAir,Autumn,
182,17-09-17,43,29.1,8.74,17.2,2.5,69.5,80.44,11,Mymensingh,EPA,Autumn,
183,18-09-17,17.2,29.2,16.37,9.2,2.6,71.7,74.59,6,Barishal,IQAir,Autumn,
184,20-09-17,23,28,84.33,13.9,2.4,83.5,85.25,21,Chittagong,PurpleAir,Autumn,
185,21-09-17,27.8,28.9,7.49,11.4,2.6,62.1,79.64,5,Barishal,EPA,Autumn,
186,22-09-17,27.4,30.4,0,6.9,2.7,47,72.03,20,Rajshahi,EPA,Autumn,
187,24-09-17,50.8,31.1,0,9.2,2.6,45.2,73.75,9,Sylhet,PurpleAir,Autumn,
188,25-09-17,64,30.3,7,6.9,2.5,66.4,77.85,19,Khulna,EPA,Autumn,
189,27-09-17,80.6,29.4,5.59,13.9,2.5,68.4,82.34,1,Rangpur,IQAir,Autumn,
190,28-09-17,80.6,28.7,83.96,10.6,2.5,86.6,84.14,7,Rangpur,PurpleAir,Autumn,
191,30-09-17,36.4,27.9,39.45,9.2,2.6,75.7,85.12,22,Sylhet,PurpleAir,Autumn,
192,01-10-17,47.3,27.1,40.33,6.9,2.3,79.4,87.02,8,Barishal,PurpleAir,Autumn,
193,02-10-17,42.1,28.5,20.71,6.9,2.6,74.1,77.88,16,Sylhet,PurpleAir,Autumn,
194,04-10-17,45.6,30.3,0,5.8,2.6,49.9,75.06,15,Rangpur,IQAir,Autumn,
195,05-10-17,47.8,30.5,0,9.2,2.6,56.5,74.2,15,Dhaka,IQAir,Autumn,
196,07-10-17,21.2,28.4,5.8,9.2,2.5,75,80.8,3,Sylhet,EPA,Autumn,
197,08-10-17,13,28.1,4.74,13.9,2.6,68.5,78.51,17,Barishal,IQAir,Autumn,
198,10-10-17,29,29.1,20,9.2,2.7,40.5,73.15,16,Mymensingh,IQAir,Autumn,
199,11-10-17,43.8,30,0,11.4,2.6,39.6,70.21,21,Mymensingh,IQAir,Autumn,
200,12-10-17,48.8,30,0,11.4,2.6,48.3,73.31,10,Sylhet,EPA,Autumn,
201,14-10-17,19.3,30.3,0.4,9.2,2.8,47.9,71.07,8,Dhaka,IQAir,Autumn,
202,15-10-17,70.5,29.5,3,6.9,2.5,70.8,75.54,17,Barishal,IQAir,Autumn,
203,17-10-17,84.6,30.1,0,9.2,2.4,35.4,69.82,3,Mymensingh,PurpleAir,Autumn,
204,18-10-17,50.2,29.7,35.7,13.9,2.6,65,73.33,14,Khulna,EPA,Autumn,
205,20-10-17,14.7,24.9,107.77,16.1,1.8,92.8,93.43,9,Barishal,EPA,Autumn,
206,21-10-17,10.7,24.5,195.51,25.3,1.6,94.8,92.58,15,Chittagong,EPA,Autumn,
207,22-10-17,24.5,25,6.96,13.9,2.4,69.2,82.52,20,Rangpur,EPA,Autumn,
208,24-10-17,73.5,27.5,0,11.4,2.2,64.6,76.55,20,Mymensingh,EPA,Autumn,
209,25-10-17,96.6,26.9,0,6.9,2.2,46.8,76.33,10,Rangpur,PurpleAir,Autumn,
210,27-10-17,90.9,26.4,0,9.2,2.4,28.6,74.11,18,Khulna,EPA,Autumn,
211,28-10-17,79.8,26.1,0,6.9,2.3,27.3,72.46,1,Khulna,EPA,Autumn,
212,30-10-17,56.5,22.9,3.2,9.2,2.3,75.1,81.94,19,Khulna,IQAir,Autumn,
213,31-10-17,55.4,23.7,4,6.9,2.5,35.2,73.41,8,Rajshahi,PurpleAir,Autumn,
214,01-11-17,50.6,24.7,0,5.8,2.5,14.6,71.79,4,Rangpur,PurpleAir,Autumn,
215,03-11-17,65.3,26.5,0,8.1,2.5,1.2,66.31,3,Mymensingh,IQAir,Autumn,
216,04-11-17,44.5,27,0,9.2,2.5,4.6,66.93,23,Sylhet,EPA,Autumn,
217,06-11-17,60.4,26.9,0,6.9,2.6,0,67.84,9,Chittagong,PurpleAir,Autumn,
218,07-11-17,60.8,26.9,0,6.9,2.5,1.9,66.84,23,Mymensingh,IQAir,Autumn,
219,09-11-17,72.8,25.8,0,9.2,2.6,5.9,68.94,8,Khulna,IQAir,Autumn,
220,10-11-17,71.2,25.8,0,5.8,2.5,4.1,67.85,3,Rajshahi,PurpleAir,Autumn,
221,11-11-17,75.5,25.9,0,6.9,2.5,21.4,64.11,11,Dhaka,EPA,Autumn,
222,13-11-17,61,26.9,0,6.9,2.6,43.2,59.41,5,Rangpur,PurpleAir,Autumn,
223,14-11-17,52.2,26.3,0,5.8,2.6,50,64.21,8,Mymensingh,IQAir,Autumn,
224,16-11-17,28,22.6,13.65,9.2,2.4,88.6,83.83,17,Sylhet,IQAir,Autumn,
225,17-11-17,32,25.6,5.09,6.9,2.5,72.8,79.25,2,Khulna,PurpleAir,Autumn,
226,19-11-17,71,26.4,0,9.2,2.3,42.9,74.88,20,Khulna,PurpleAir,Autumn,
227,20-11-17,115.2,25.9,0,9.2,2.4,1.2,69.28,12,Rangpur,EPA,Autumn,
228,21-11-17,142.1,24.2,0,13.9,2.4,0.2,66.72,9,Dhaka,PurpleAir,Autumn,
229,23-11-17,177.7,22.4,0,9.2,2,7.8,66.33,1,Rajshahi,IQAir,Autumn,
230,24-11-17,147.1,23,0,9.2,2.1,2.7,69.77,2,Chittagong,EPA,Autumn,
231,26-11-17,145.8,22.4,0,6.9,2.3,0,66.01,7,Mymensingh,IQAir,Autumn,
232,27-11-17,127.8,23.3,0,10.3,2.3,8,67.77,14,Dhaka,IQAir,Autumn,
233,29-11-17,241.5,21.6,0,6.9,1.3,7.5,81.49,20,Khulna,EPA,Autumn,
234,30-11-17,148.7,22.2,0,6.9,1.5,5.4,73.71,23,Dhaka,PurpleAir,Autumn,
235,01-12-17,129.2,21.9,0,5.8,2.1,0.1,71.06,1,Mymensingh,PurpleAir,Winter,
236,03-12-17,105,22.8,0,5.8,2.2,2.8,64.8,18,Rajshahi,EPA,Winter,
237,04-12-17,116.1,22.1,0,5.8,2.1,13.4,68.8,20,Sylhet,EPA,Winter,
238,06-12-17,122.8,21.6,0,6.9,2.4,26.7,67.58,11,Dhaka,IQAir,Winter,
239,07-12-17,119.5,22.6,0,6.9,2.4,25.4,64.83,7,Khulna,PurpleAir,Winter,
240,09-12-17,42.1,21.7,13.62,11.4,2.1,90.1,85.77,15,Mymensingh,IQAir,Winter,
241,10-12-17,14.2,22.2,71.28,10.3,2.4,92.5,89.33,13,Chittagong,PurpleAir,Winter,
242,11-12-17,35.1,23.1,9.05,9.2,2.3,79.2,87.76,8,Sylhet,PurpleAir,Winter,
243,13-12-17,208.3,23.6,0,5.8,1.6,15.7,79.63,20,Khulna,IQAir,Winter,
244,14-12-17,203.1,22.9,0,11.4,1.7,16.7,75.31,5,Barishal,PurpleAir,Winter,
245,16-12-17,149,20.1,0,5.8,2.1,0,68.09,2,Chittagong,EPA,Winter,
246,17-12-17,187.6,20.2,0,5.8,1.1,27.2,83.27,23,Chittagong,EPA,Winter,
247,19-12-17,133.5,19,0,8.1,1,65.1,87.63,19,Barishal,EPA,Winter,
248,20-12-17,154.4,19.5,0,5.2,0.6,52.3,87.45,1,Dhaka,PurpleAir,Winter,
249,21-12-17,154,19.7,0,6.9,1.3,31.2,78.78,22,Khulna,EPA,Winter,
250,23-12-17,157,21.4,0,5.8,1.7,23.9,74.65,14,Sylhet,EPA,Winter,
251,24-12-17,182.6,21.5,0,5.8,1.6,23.5,75.89,5,Sylhet,PurpleAir,Winter,
252,26-12-17,162.1,21.4,0,10.3,1.6,0,75.9,11,Mymensingh,IQAir,Winter,
253,27-12-17,176.5,21.2,0,9.2,1.6,0,77.23,11,Sylhet,IQAir,Winter,
254,29-12-17,164.6,20.5,0,6.9,1.2,30,79.9,5,Rangpur,IQAir,Winter,
255,30-12-17,125,21.6,0,8.1,1.8,15.6,72.93,15,Rajshahi,EPA,Winter,
256,31-12-17,143.3,21.2,0,5.8,2.2,6.8,66.33,22,Mymensingh,EPA,Winter,
257,02-01-18,169,21.1,0,8.1,1.5,49.3,73.47,9,Barishal,EPA,Winter,
258,03-01-18,146.2,19.2,0,11.4,1.6,18.4,69.74,14,Rangpur,EPA,Winter,
259,08-01-18,204.8,12.8,0,11.4,1.3,1.2,76.88,21,Khulna,IQAir,Winter,
260,09-01-18,195.8,15.3,0,8.1,1.4,4.2,74.27,7,Rajshahi,PurpleAir,Winter,
261,11-01-18,257,14.1,0,9.2,0.6,24.3,85.93,20,Mymensingh,EPA,Winter,
262,12-01-18,248.7,15,0,6.9,0.7,22.8,82.17,9,Rajshahi,IQAir,Winter,
263,13-01-18,253.6,15.7,0,6.9,0.7,39.5,85.72,21,Chittagong,EPA,Winter,
264,15-01-18,217.9,15.3,0,5.8,0.7,31,83.4,19,Mymensingh,PurpleAir,Winter,
265,16-01-18,207.6,17.6,0,8.1,1.3,20,74.67,16,Sylhet,PurpleAir,Winter,
266,18-01-18,160.6,19.8,0,6.9,1.4,27.6,74.78,11,Khulna,PurpleAir,Winter,
267,19-01-18,156.4,19.7,0,9.2,2,0,69.09,12,Rajshahi,IQAir,Winter,
268,21-01-18,212,18.3,0,9.2,1.3,6.3,73.9,8,Rajshahi,EPA,Winter,
269,22-01-18,220.5,18.3,0,6.9,1.1,32.7,77.98,13,Rangpur,IQAir,Winter,
270,23-01-18,200.2,20.3,0,8.1,1.4,22.3,75.93,22,Barishal,EPA,Winter,
271,25-01-18,194.1,19.9,0,6.9,2,5,66.42,19,Barishal,PurpleAir,Winter,
272,26-01-18,126.6,19.8,0,9.2,2.3,0,61.85,20,Khulna,PurpleAir,Winter,
273,28-01-18,176.7,17.9,0,9.2,1.8,0,66.97,9,Rangpur,IQAir,Winter,
274,29-01-18,234,18,0,10.3,1.7,0,67.26,15,Rajshahi,IQAir,Winter,
275,31-01-18,207.9,19.2,0,9.2,1.4,7,72.5,5,Dhaka,PurpleAir,Winter,
276,01-02-18,194.6,19.9,0,5.8,1.8,0,65.69,1,Chittagong,PurpleAir,Winter,
277,02-02-18,285.7,20.2,0,6.9,1.3,17.7,75.85,14,Chittagong,PurpleAir,Winter,
278,04-02-18,216.1,21.2,0,8.1,1.5,9.8,72.69,12,Dhaka,PurpleAir,Winter,
279,05-02-18,133.5,23.2,0,6.9,1.6,29.4,75.83,7,Chittagong,EPA,Winter,
280,07-02-18,281,21.7,0,10.3,1.7,22,69.71,10,Barishal,PurpleAir,Winter,
281,08-02-18,109.8,22.5,0,9.2,2.4,56.5,57.45,2,Khulna,EPA,Winter,
282,10-02-18,114,23.6,2,10.3,2,39.8,63.81,23,Mymensingh,IQAir,Winter,
283,11-02-18,109,23,0,10.3,2.4,34,49.22,10,Rangpur,EPA,Winter,
284,12-02-18,145.7,22.9,0,9.2,2.2,12.7,55.98,21,Rajshahi,IQAir,Winter,
285,14-02-18,107.5,23,0,8.1,2.4,34,56.64,17,Rajshahi,PurpleAir,Winter,
286,15-02-18,123.3,22.6,0,9.2,2.2,0,58.68,10,Sylhet,EPA,Winter,
287,17-02-18,157.1,22.3,0,8.1,2,0,65.38,15,Khulna,IQAir,Winter,
288,18-02-18,210.8,22.5,0,6.9,2,2.9,64.22,7,Dhaka,PurpleAir,Winter,
289,20-02-18,205.4,24.8,0,8.1,2,21.1,59.28,4,Khulna,EPA,Winter,
290,21-02-18,172.6,25.4,0,8.1,2,17.1,61.1,14,Chittagong,PurpleAir,Winter,
291,22-02-18,166,25.8,0,6.9,2,18.8,62.79,21,Barishal,PurpleAir,Winter,
292,24-02-18,115.1,26.3,0,5.8,2.2,0.1,68.19,12,Khulna,PurpleAir,Winter,
293,25-02-18,147.2,26.8,0,8.1,2,5.6,63.15,5,Dhaka,IQAir,Winter,
294,27-02-18,107.9,25.1,14,8.1,2.2,39.5,74.54,19,Khulna,IQAir,Winter,
295,28-02-18,100.4,26.2,0,8.1,2.4,30.1,64.19,5,Chittagong,EPA,Winter,
296,02-03-18,163.5,27,0,6.9,2,12.5,62.18,23,Rajshahi,PurpleAir,Spring,
297,03-03-18,84,27.7,0,11.4,2.4,8.2,58.58,14,Dhaka,IQAir,Spring,
298,04-03-18,85,28.5,0,13.9,2.3,5.7,61.61,7,Sylhet,PurpleAir,Spring,
299,06-03-18,110.1,28.1,0,8.1,2.5,26.3,46.4,8,Chittagong,PurpleAir,Spring,
300,07-03-18,105,27.2,0,9.2,2.5,5.8,46.85,23,Chittagong,PurpleAir,Spring,
301,09-03-18,128.8,25.8,0,11.4,2.4,11.3,55.67,1,Khulna,EPA,Spring,
302,10-03-18,156,25.7,0,12.8,2.3,3.8,57.64,23,Dhaka,IQAir,Spring,
303,12-03-18,143.8,27,0,9.2,2.4,17.7,58.17,8,Barishal,IQAir,Spring,
304,13-03-18,64,27.4,0,11.4,2.5,33.2,62.79,10,Rajshahi,PurpleAir,Spring,
305,14-03-18,123.2,26.6,0,8.1,2.4,23.4,68.53,8,Rangpur,IQAir,Spring,
306,16-03-18,64.2,28.1,1,10.3,2.5,71.3,66.85,11,Barishal,EPA,Spring,
307,17-03-18,89.6,28.3,0.6,9.2,2.5,35.3,56.56,1,Rangpur,EPA,Spring,
308,19-03-18,136,27.9,0,11.4,2.2,11.4,62.09,20,Rajshahi,EPA,Spring,
309,20-03-18,109,27.8,0,10.3,2.4,2.9,55.6,21,Rajshahi,EPA,Spring,
310,22-03-18,155,28,0,10.3,2.4,13,57.36,17,Rajshahi,IQAir,Spring,
311,23-03-18,126.8,28.8,0,10.3,2.4,18,61.88,22,Mymensingh,IQAir,Spring,
312,24-03-18,79.5,29.2,0,9.2,2.7,48.8,67.98,2,Dhaka,PurpleAir,Spring,
313,26-03-18,94.1,27.4,15.6,16.1,2.5,68.5,70.43,1,Mymensingh,IQAir,Spring,
314,27-03-18,88,27,4,9.2,2.5,41,71.05,19,Barishal,PurpleAir,Spring,
315,29-03-18,68,29.2,2.5,11.4,2.5,69.5,69.43,14,Mymensingh,IQAir,Spring,
316,30-03-18,55.5,26.2,0.19,18.3,2.5,62.6,72.18,15,Sylhet,EPA,Spring,
317,01-04-18,87.4,27.7,0,6.9,2.7,34.1,58.35,2,Dhaka,IQAir,Spring,
318,02-04-18,81,26,0,17.2,2.5,61,65.63,15,Khulna,PurpleAir,Spring,
319,03-04-18,127.4,28.6,0,8.1,2.4,44.5,64.17,12,Dhaka,EPA,Spring,
320,05-04-18,138.3,27.8,9,13.9,2.4,44.6,67.85,3,Chittagong,PurpleAir,Spring,
321,06-04-18,56.9,26,4.1,13.9,2.5,80.2,72.57,19,Dhaka,EPA,Spring,
322,08-04-18,70,25.8,19.07,12.8,2.4,77.2,74.98,1,Dhaka,IQAir,Spring,
323,09-04-18,86.7,28.1,0,12.8,2.4,52.2,68.28,7,Sylhet,PurpleAir,Spring,
324,11-04-18,84.8,28.2,0,10.3,2.5,60.2,67.16,8,Mymensingh,PurpleAir,Spring,
325,12-04-18,51.6,27.1,17.62,23,2.5,41.7,66.92,3,Khulna,IQAir,Spring,
326,13-04-18,57.7,28.2,13.47,16.1,2.6,45.6,68.94,18,Chittagong,PurpleAir,Spring,
327,15-04-18,71.1,28.1,11.81,9.2,2.6,31.7,64.43,23,Khulna,IQAir,Spring,
328,16-04-18,71.9,29.4,0,13.9,2.7,35.1,65.85,16,Chittagong,PurpleAir,Spring,
329,18-04-18,81.4,27.6,41.52,14.7,2.5,61.1,71.72,18,Rangpur,EPA,Spring,
330,19-04-18,37.1,26.9,49.58,18.3,2.6,80.5,74.49,22,Dhaka,EPA,Spring,
331,21-04-18,64.9,26.7,22.25,17.2,2.5,86.8,80.94,23,Dhaka,PurpleAir,Spring,
332,22-04-18,70.3,28.1,11.81,16.1,2.3,87.6,79.6,17,Rangpur,EPA,Spring,
333,23-04-18,49,28.9,5.7,8.1,2.5,63.5,74.08,5,Barishal,EPA,Spring,
334,26-04-18,49,26.4,36.04,13.9,2.4,76.8,67.11,5,Mymensingh,EPA,Spring,
335,27-04-18,55.2,26.5,63.55,18.3,2.7,42.4,69.35,23,Mymensingh,EPA,Spring,
336,29-04-18,37,23.9,87.98,16.1,2.3,84,83.3,20,Mymensingh,PurpleAir,Spring,
337,30-04-18,31.8,23.2,83.8,13.9,2.3,82.1,83.72,15,Barishal,IQAir,Spring,
338,02-05-18,38.4,25.7,23.85,17.2,2.4,74,81.74,19,Sylhet,IQAir,Spring,
339,03-05-18,50,26,5.4,10.3,2.5,71.5,77.02,8,Khulna,IQAir,Spring,
340,04-05-18,57.3,25.6,80.6,13.9,2.3,75.4,80.32,4,Chittagong,EPA,Spring,
341,06-05-18,34.8,28.4,21.6,17.2,2.5,83.8,76.69,21,Rangpur,EPA,Spring,
342,07-05-18,35.8,27.2,4.61,32.2,2.6,93,81.26,20,Chittagong,EPA,Spring,
343,09-05-18,38,28.3,16,17.2,2.5,89,82.49,4,Mymensingh,EPA,Spring,
344,10-05-18,27.5,25.5,25.74,11.4,2.5,88.2,83.13,2,Chittagong,PurpleAir,Spring,
345,12-05-18,47.2,27.1,15.41,9.2,2.6,35.7,70.07,22,Mymensingh,IQAir,Spring,
346,13-05-18,72.8,26.8,44.13,20.8,2.4,71.6,79.65,10,Chittagong,IQAir,Spring,
347,14-05-18,47.2,27.7,14,11.4,2.6,75.7,71.57,1,Barishal,PurpleAir,Spring,
348,16-05-18,60.5,24.3,45.51,17.2,2.3,91.2,81.32,16,Dhaka,IQAir,Spring,
349,17-05-18,54.3,26.8,6.9,9.2,2.5,85.1,77.63,7,Rangpur,IQAir,Spring,
350,19-05-18,39.6,27.3,0,11.4,2.4,72.3,77.55,17,Rajshahi,IQAir,Spring,
351,20-05-18,44.7,26.7,0,12.8,2.3,77.6,81.7,11,Rajshahi,IQAir,Spring,
352,22-05-18,54.6,27.1,0,11.4,2.4,90.4,85.29,3,Rajshahi,IQAir,Spring,
353,23-05-18,39.3,26.5,63.95,13.9,2.4,88.9,86.09,19,Rajshahi,EPA,Spring,
354,24-05-18,44.5,28.4,8.41,12.8,2.6,87.7,80.84,18,Chittagong,EPA,Spring,
355,26-05-18,35.7,29.8,42.5,15,2.6,76.2,76.84,4,Sylhet,IQAir,Spring,
356,27-05-18,20.8,31.4,0,11.4,2.6,42.4,72.33,13,Rajshahi,PurpleAir,Spring,
357,29-05-18,31.3,29.7,0.6,23,2.6,49.6,63.1,22,Rangpur,PurpleAir,Spring,
358,30-05-18,60.1,30.7,22.27,11.4,2.6,58.8,65.47,22,Barishal,PurpleAir,Spring,
359,01-06-18,32.3,26.7,47.2,26.4,2.5,92.9,85.25,20,Dhaka,EPA,Summer,
360,02-06-18,43.8,28.1,7.02,11.4,2.5,88.8,82.17,8,Chittagong,PurpleAir,Summer,
361,03-06-18,57.8,27.9,45.54,18.3,2.5,85.4,83.52,1,Barishal,IQAir,Summer,
362,05-06-18,38.3,29.8,13.42,11.4,2.5,66.2,75.68,7,Rangpur,EPA,Summer,
363,06-06-18,34.1,30.4,7.45,8.1,2.5,64.4,77.22,17,Barishal,PurpleAir,Summer,
364,08-06-18,19.6,29.8,25.08,8.1,2.3,76,79.64,5,Khulna,IQAir,Summer,
365,09-06-18,39.8,30.8,3,10.3,2.6,82.7,74.5,5,Rangpur,EPA,Summer,
366,11-06-18,19.8,28.6,31.05,9.2,2.6,86.2,80.89,5,Mymensingh,PurpleAir,Summer,
367,12-06-18,32.8,28.5,71.97,11.4,2.3,94.5,86.49,19,Barishal,EPA,Summer,
368,13-06-18,33.9,28.5,6.4,24.4,2.5,87.3,79.93,18,Rajshahi,IQAir,Summer,
369,15-06-18,50,30.2,0.2,17.2,2.5,91.2,82.31,16,Mymensingh,PurpleAir,Summer,
370,16-06-18,24.8,27.6,119.08,23,2.5,92.6,82.78,4,Chittagong,IQAir,Summer,
371,18-06-18,42.2,30.3,26.13,16.1,2.7,78.3,74.72,2,Sylhet,PurpleAir,Summer,
372,19-06-18,37.6,27.4,41.07,20.8,2.3,84.5,85.39,1,Chittagong,EPA,Summer,
373,21-06-18,49.8,30.8,16.4,12.8,2.7,69.5,77.78,8,Dhaka,EPA,Summer,
374,22-06-18,27.9,30.6,14,12.8,2.6,67.9,75.16,5,Sylhet,EPA,Summer,
375,23-06-18,37.6,28.4,100.31,9.2,2.3,86.1,82.14,4,Dhaka,PurpleAir,Summer,
376,29-06-18,35.3,29.9,2,16.1,2.5,68,75.66,21,Khulna,IQAir,Summer,
377,02-07-18,25.8,29.4,39.46,11.4,2.5,90.1,78.71,19,Mymensingh,PurpleAir,Summer,
378,07-07-18,32.5,30.4,0,11.4,2.7,71.7,72.69,9,Mymensingh,IQAir,Summer,
379,09-07-18,25.3,29.1,15.86,16.1,2.6,82.6,79.4,11,Sylhet,PurpleAir,Summer,
380,14-07-18,19.6,30.9,1,11.4,2.6,76.7,70.76,13,Rajshahi,PurpleAir,Summer,
381,15-07-18,14.5,30.4,12.2,15,2.5,88.5,75.23,7,Rajshahi,EPA,Summer,
382,18-07-18,26.6,30.6,2.44,13.9,2.6,79.9,76.24,22,Khulna,IQAir,Summer,
383,20-07-18,49.7,31.1,20.62,20.8,2.5,86.8,77.64,2,Sylhet,EPA,Summer,
384,07-08-18,26.9,29.8,15.05,17.2,2.5,79.6,73.24,1,Khulna,PurpleAir,Summer,
385,14-08-18,25.6,31.1,5.97,11.4,2.5,89.3,73.39,12,Rajshahi,PurpleAir,Summer,
386,16-08-18,26.2,30.8,14.4,15,2.6,77.7,72.19,21,Sylhet,PurpleAir,Summer,
387,01-11-18,38.5,27.8,0,9.2,2.5,21.7,67.13,2,Khulna,EPA,Autumn,
388,02-11-18,106.9,27.8,0,6.9,2.5,57.1,70.68,19,Mymensingh,EPA,Autumn,
389,03-11-18,83,27.8,0,6.9,2.5,47.3,72.65,23,Rangpur,EPA,Autumn,
390,05-11-18,63,26.7,0,11.4,2.4,47.2,74.5,17,Rangpur,IQAir,Autumn,
391,06-11-18,90.7,26.3,0,8.1,2.4,64.3,75.81,15,Dhaka,IQAir,Autumn,
392,08-11-18,109.1,25.4,0,10.3,2.4,17,67.09,21,Rangpur,EPA,Autumn,
393,09-11-18,147.5,24,0,5.8,2.3,3.8,69.37,12,Sylhet,PurpleAir,Autumn,
394,11-11-18,161,24.2,0,9.2,2.2,12.5,68.99,15,Dhaka,PurpleAir,Autumn,
395,12-11-18,151.7,24.6,0,6.9,2.1,32.9,69.54,17,Rangpur,EPA,Autumn,
396,13-11-18,113.6,24.6,0,5.8,2.3,23,68.74,21,Rangpur,IQAir,Autumn,
397,15-11-18,247.3,24.7,0,5.8,1.7,13.2,72.68,14,Rajshahi,PurpleAir,Autumn,
398,16-11-18,177.3,25.7,0,6.9,1.9,4.6,67.64,20,Chittagong,IQAir,Autumn,
399,18-11-18,143.7,24,0,6.9,2.4,0.1,62.1,16,Khulna,EPA,Autumn,
400,19-11-18,137.2,23.4,0,5.8,2.2,7.7,67.85,17,Khulna,IQAir,Autumn,
401,21-11-18,120.5,23.9,0,8.1,2.2,6.6,68.73,9,Rajshahi,IQAir,Autumn,
402,22-11-18,128.3,23.5,0,9.2,2.1,3.6,70.21,22,Rajshahi,PurpleAir,Autumn,
403,23-11-18,146.9,23.4,0,6.9,2.1,7.5,69.71,20,Rajshahi,EPA,Autumn,
404,25-11-18,89,23.4,0,8.1,2.3,1,67.3,20,Khulna,PurpleAir,Autumn,
405,26-11-18,136.4,23.7,0,11.4,2.3,13.4,65.2,7,Mymensingh,IQAir,Autumn,
406,28-11-18,80.8,24.8,0,7.4,2.4,4.2,58.64,10,Dhaka,PurpleAir,Autumn,
407,29-11-18,129.7,23.7,0,8.5,2.4,6.5,62.3,5,Mymensingh,PurpleAir,Autumn,
408,01-12-18,122.1,23.2,0,6.9,2.2,48,64.19,6,Barishal,EPA,Winter,
409,02-12-18,105.6,22.5,0,11.4,2.1,26.3,66.8,21,Barishal,PurpleAir,Winter,
410,03-12-18,125,22.5,0,9.2,2.3,17.9,64.56,1,Barishal,PurpleAir,Winter,
411,05-12-18,128.7,22.2,0,8.1,2.3,23,64.63,3,Barishal,PurpleAir,Winter,
412,06-12-18,178,22.3,0,6.9,2,35.1,68.87,2,Mymensingh,IQAir,Winter,
413,08-12-18,192.8,21.5,0,10.3,2.1,20.4,66.18,16,Mymensingh,PurpleAir,Winter,
414,09-12-18,149.6,21.8,0,8.1,2.1,10.5,69.87,8,Rajshahi,EPA,Winter,
415,11-12-18,166.6,21.4,0,5.8,2.1,12,65.62,15,Khulna,IQAir,Winter,
416,12-12-18,220.3,21.7,0,8.1,2,7.4,66.11,16,Sylhet,EPA,Winter,
417,13-12-18,190.6,22.2,0,8.1,1.7,5.8,69.28,17,Rajshahi,IQAir,Winter,
418,15-12-18,155.4,21.8,0,9.2,2.2,35.4,66.07,17,Rajshahi,IQAir,Winter,
419,16-12-18,147.9,22.6,0,10.3,2.3,82.3,66.7,19,Dhaka,PurpleAir,Winter,
420,18-12-18,53.2,18.8,0,11.4,2.2,95.1,87.32,6,Barishal,IQAir,Winter,
421,19-12-18,54.8,17.8,0,9.2,2.4,77.6,83.39,21,Mymensingh,PurpleAir,Winter,
422,21-12-18,130.3,18.8,0,9.2,1.6,31.9,78.6,9,Dhaka,EPA,Winter,
423,22-12-18,165.5,19.8,0,10.3,1.7,32.7,72.44,18,Rajshahi,EPA,Winter,
424,23-12-18,180.8,20,0,6.9,1.8,16.2,72.52,2,Khulna,IQAir,Winter,
425,25-12-18,193.8,19.9,0,8.1,1.9,6.3,68.98,3,Khulna,EPA,Winter,
426,26-12-18,198.3,19,0,6.9,1.7,0,68.63,7,Sylhet,EPA,Winter,
427,28-12-18,153.1,17.9,0,9.2,1.9,0,62.98,19,Barishal,EPA,Winter,
428,29-12-18,144.4,17,0,8.1,2.3,0,64.77,16,Sylhet,PurpleAir,Winter,
429,31-12-18,128,19.6,0,8.1,2,0,63.85,3,Dhaka,IQAir,Winter,
430,01-01-19,130.7,20.6,0,5.8,2.1,1.1,62.01,14,Barishal,IQAir,Winter,
431,02-01-19,150.5,20.6,0,6.9,2.2,0,62.95,3,Mymensingh,IQAir,Winter,
432,04-01-19,257.9,18.3,0,9.2,1.9,0,62.75,17,Mymensingh,EPA,Winter,
433,05-01-19,183,18.5,0,6.9,1.9,0,66.37,15,Rangpur,PurpleAir,Winter,
434,07-01-19,182.8,20.9,0,5.8,2,2.3,63.47,8,Chittagong,EPA,Winter,
435,08-01-19,164.8,20,0,11.4,2,4.2,66.77,5,Chittagong,PurpleAir,Winter,
436,10-01-19,180.8,19.2,0,6.9,2.1,0,63.31,18,Dhaka,IQAir,Winter,
437,11-01-19,199.5,19.2,0,8.1,1.8,0,63.09,3,Rangpur,IQAir,Winter,
438,12-01-19,206.8,19.7,0,5.8,2,2.3,65.27,23,Mymensingh,IQAir,Winter,
439,14-01-19,162.7,20.3,0,9.2,2.2,1,62.23,21,Khulna,EPA,Winter,
440,15-01-19,186.8,19.8,0,11.4,2.1,0,63.06,17,Khulna,IQAir,Winter,
441,17-01-19,190.1,20,0,9.2,2,0,61.37,1,Khulna,IQAir,Winter,
442,18-01-19,257.4,20.1,0,9.2,1.8,2.1,67.77,11,Barishal,EPA,Winter,
443,20-01-19,267,20.6,0,9.2,1.5,0,67.75,21,Barishal,PurpleAir,Winter,
444,21-01-19,211.6,20.4,0,6.9,1.9,0,64.33,17,Khulna,EPA,Winter,
445,22-01-19,198.6,21,0,5.8,2,2.4,60.28,10,Mymensingh,EPA,Winter,
446,24-01-19,231.1,21.8,0,10.3,2.1,0,60.58,21,Chittagong,EPA,Winter,
447,25-01-19,159.8,22.7,0,9.2,2.3,0,52.99,2,Barishal,EPA,Winter,
448,27-01-19,135.9,23.3,0,9.2,2.4,42.7,56.47,10,Barishal,IQAir,Winter,
449,28-01-19,126.3,22.6,0,11.4,2.5,54,58.83,7,Mymensingh,EPA,Winter,
450,30-01-19,131,19.3,0,11.4,2.5,0,57.43,5,Rajshahi,IQAir,Winter,
451,31-01-19,170.2,19.2,0,5.8,2,0,65.63,3,Chittagong,EPA,Winter,
452,01-02-19,245.5,21,0,9.2,2,8.7,60.89,22,Sylhet,PurpleAir,Winter,
453,03-02-19,320.8,22.3,0,9.2,2.1,0,57.12,17,Chittagong,PurpleAir,Winter,
454,04-02-19,231.8,22.1,0,9.2,2,0,58.58,17,Mymensingh,EPA,Winter,
455,06-02-19,217.5,21.1,0,9.2,2.2,0,57.38,14,Rangpur,IQAir,Winter,
456,07-02-19,240.2,21.8,0,5.8,1.9,2.3,61.66,13,Dhaka,PurpleAir,Winter,
457,09-02-19,75,22,0,11.4,2.5,65.4,64.61,9,Rangpur,IQAir,Winter,
458,10-02-19,205.5,21.2,0,11.4,2.5,19.2,61.01,17,Barishal,IQAir,Winter,
459,11-02-19,112.3,21,0,11.4,2.2,4.2,60.73,3,Khulna,EPA,Winter,
460,13-02-19,147.2,22.6,0,11.4,2.2,0,60.63,1,Chittagong,EPA,Winter,
461,14-02-19,170.8,23,0,9.2,2.1,0,62.35,2,Barishal,EPA,Winter,
462,16-02-19,261,22.8,0,11.4,2.3,37.9,58.01,12,Barishal,EPA,Winter,
463,17-02-19,156.9,20.5,0,8.1,2.3,37.9,73.88,7,Dhaka,PurpleAir,Winter,
464,19-02-19,214,23.3,0,10.3,2.1,0,56.23,7,Rajshahi,EPA,Winter,
465,20-02-19,126.7,24.1,0,11.4,1.9,29.5,69.82,12,Dhaka,IQAir,Winter,
466,21-02-19,205,23.9,0,8.1,2,2.3,60.25,4,Chittagong,IQAir,Winter,
467,23-02-19,144.6,26.1,0,11.4,2,19.1,65.98,3,Khulna,PurpleAir,Winter,
468,24-02-19,129.8,25.3,0,9.2,2.1,10.9,57.74,15,Rangpur,PurpleAir,Winter,
469,26-02-19,82.4,20.8,0,11.4,2.3,83.3,79.22,12,Mymensingh,EPA,Winter,
470,27-02-19,50.9,20.3,0,20.8,2.1,85.8,82.46,23,Sylhet,PurpleAir,Winter,
471,01-03-19,106,21.8,0,8.1,2.2,8.2,63.32,18,Sylhet,EPA,Spring,
472,02-03-19,87.9,21.5,0,11.4,2.4,0,51.35,23,Dhaka,IQAir,Spring,
473,03-03-19,135.2,22.3,0,11.4,2.5,8.7,54.58,21,Khulna,PurpleAir,Spring,
474,05-03-19,112.5,21.8,0,11.4,1.8,78,79.16,13,Dhaka,EPA,Spring,
475,06-03-19,111.8,23.7,0,8.1,2,63.8,72.78,12,Rajshahi,PurpleAir,Spring,
476,08-03-19,108.5,24.5,0,16.1,2.5,19.1,54.91,2,Barishal,IQAir,Spring,
477,09-03-19,177.6,23.5,0,34.4,2.3,0,59.98,6,Khulna,IQAir,Spring,
478,11-03-19,120.7,26.1,0,6.9,2,53.7,77.38,1,Barishal,IQAir,Spring,
479,12-03-19,83.4,27.5,0,10.3,2,49.6,66.69,10,Chittagong,PurpleAir,Spring,
480,13-03-19,106.4,27.9,0,8.1,2.2,44.3,69.41,13,Rangpur,IQAir,Spring,
481,15-03-19,135.9,28.2,0,11.4,2.3,49.8,56.5,12,Mymensingh,PurpleAir,Spring,
482,16-03-19,87.2,29.1,0,9.2,2.5,34.3,51.61,12,Mymensingh,EPA,Spring,
483,18-03-19,80.3,25.9,0,13.9,2.3,61.7,66.7,9,Sylhet,IQAir,Spring,
484,19-03-19,92.7,25.5,0,9.2,2.4,51.3,68.52,17,Mymensingh,EPA,Spring,
485,21-03-19,81.2,28.1,0,11.4,2.5,19.6,62.09,16,Sylhet,PurpleAir,Spring,
486,22-03-19,153.3,28.4,0,13.9,2.4,41.8,64.96,13,Dhaka,EPA,Spring,
487,23-03-19,94.2,28.3,0,11.4,2.4,16.7,55.2,12,Khulna,EPA,Spring,
488,25-03-19,146.2,28.2,0,9.2,2.4,0,54.75,16,Mymensingh,EPA,Spring,
489,26-03-19,194.5,28,0,21.9,2.3,19.8,59.61,17,Rangpur,PurpleAir,Spring,
490,28-03-19,94.2,26.9,0,10.3,2.5,16.7,60.08,13,Sylhet,EPA,Spring,
491,29-03-19,168.1,28.3,0,9.2,2.3,11.8,62.82,22,Khulna,PurpleAir,Spring,
492,31-03-19,50.7,27.8,0,24.2,2.3,71,71.3,14,Dhaka,EPA,Spring,
493,01-04-19,47,24.9,0,18.3,2.4,61.8,71.28,21,Dhaka,EPA,Spring,
494,02-04-19,63.9,25.5,0,17.2,2.3,74.5,80.55,13,Mymensingh,PurpleAir,Spring,
495,04-04-19,133.7,27.8,0,11.4,2.2,52.6,70.15,1,Rajshahi,IQAir,Spring,
496,05-04-19,77.1,27.5,0,11.4,2.3,63.8,78.15,1,Rangpur,EPA,Spring,
497,07-04-19,67,25.4,0,11.4,2.3,65.3,68.49,1,Khulna,IQAir,Spring,
498,08-04-19,77.5,25.4,0,34.4,2.1,61.8,76.95,20,Chittagong,EPA,Spring,
499,10-04-19,46.1,23.7,0,9.2,2.5,60.7,77.43,12,Khulna,PurpleAir,Spring,
500,11-04-19,108.7,27.3,0,18.3,2.1,65.3,77.56,4,Rajshahi,IQAir,Spring,
501,12-04-19,69.9,27.4,0,11.4,2.5,66.9,75.46,21,Chittagong,IQAir,Spring,
502,14-04-19,89.4,28,0,6.9,2.4,38.6,66.51,13,Sylhet,EPA,Spring,
503,15-04-19,46.7,29.7,0,11.4,2.4,44.3,70.69,16,Rajshahi,IQAir,Spring,
504,17-04-19,58.5,29.8,0,21.9,2.4,43,68.78,15,Sylhet,IQAir,Spring,
505,18-04-19,80.2,29,0,11.4,2.3,16.9,63.08,2,Khulna,IQAir,Spring,
506,20-04-19,83.4,30.2,0,10.3,2.3,16.9,60.3,2,Chittagong,EPA,Spring,
507,21-04-19,74.2,29,0,25.3,2.4,26.2,60.33,1,Chittagong,PurpleAir,Spring,
508,22-04-19,55.9,28.6,0,9.2,2.5,44.6,57.46,18,Sylhet,IQAir,Spring,
509,24-04-19,135,30.8,0,5.8,2.4,23.1,57.72,15,Barishal,IQAir,Spring,
510,25-04-19,89.2,32.3,0,9.2,2.4,6.9,58.76,12,Rajshahi,EPA,Spring,
511,27-04-19,64,30.7,0,18.3,2.5,61.6,69.57,13,Mymensingh,EPA,Spring,
512,28-04-19,55.9,31.6,0,16.1,2.5,59.2,70.15,13,Rajshahi,PurpleAir,Spring,
513,30-04-19,28.4,31.8,0,16.1,2.5,64.2,66.58,21,Rangpur,PurpleAir,Spring,
514,01-05-19,118.8,31.7,0,17.2,2.5,43.1,60.97,18,Sylhet,EPA,Spring,
515,02-05-19,128.7,31.5,0,13.9,2.5,61,63.68,7,Chittagong,PurpleAir,Spring,
516,05-05-19,44.2,29.2,0,13.9,2.5,39.2,68.15,17,Khulna,IQAir,Spring,
517,06-05-19,52.1,30.6,0,13.9,2.5,42.7,67.12,10,Chittagong,IQAir,Spring,
518,08-05-19,59.7,31,0,13.9,2.5,57.8,68.68,19,Dhaka,EPA,Spring,
519,09-05-19,56.3,31.1,0,17.2,2.5,57.3,72.1,16,Sylhet,IQAir,Spring,
520,11-05-19,50.3,31.7,0,17.2,2.5,60.2,68.85,20,Dhaka,EPA,Spring,
521,12-05-19,45.8,31.3,0,13.9,2.5,48.5,66.95,4,Rangpur,EPA,Spring,
522,13-05-19,60.3,30.4,0,19.7,2.5,72.7,70,5,Rajshahi,IQAir,Spring,
523,15-05-19,52.4,30.7,0,11.4,2.5,50.1,68.69,10,Barishal,IQAir,Spring,
524,16-05-19,45,30.2,0,16.1,2.5,49,68.14,15,Rangpur,PurpleAir,Spring,
525,18-05-19,66,28.8,0,13.9,2.5,59.8,74.81,1,Sylhet,EPA,Spring,
526,19-05-19,65,29,0,20.8,2.5,59.9,76.52,22,Barishal,EPA,Spring,
527,21-05-19,79.9,31,0,13.9,2.5,43.5,62.67,17,Rajshahi,IQAir,Spring,
528,22-05-19,43.2,30.6,3,23,2.6,47.1,70.23,15,Rangpur,EPA,Spring,
529,23-05-19,37.3,28.1,34.33,11.4,2.4,70.2,75,3,Khulna,EPA,Spring,
530,26-05-19,44.9,30.4,3,10.3,2.6,46,71.31,21,Rangpur,PurpleAir,Spring,
531,27-05-19,40.1,31,9.6,16.1,2.6,64.8,75.36,1,Sylhet,EPA,Spring,
532,29-05-19,54.7,31.6,0,13.9,2.7,47.2,69.35,18,Rangpur,EPA,Spring,
533,30-05-19,38.7,31.9,0,12.8,2.6,53,68.15,1,Dhaka,EPA,Spring,
534,01-06-19,38.2,28.4,103.37,11.2,2.5,60.8,75.72,22,Barishal,PurpleAir,Summer,
535,02-06-19,41,27.4,17.48,21.9,2.4,79.5,80.44,17,Barishal,PurpleAir,Summer,
536,03-06-19,28.3,27.8,24.77,13.9,2.5,77.8,81.13,13,Chittagong,EPA,Summer,
537,05-06-19,9.6,26.2,71.77,11.4,2.3,87.7,88.66,18,Dhaka,EPA,Summer,
538,07-06-19,12.8,29,1,15,2.7,53.4,79.22,14,Chittagong,IQAir,Summer,
539,10-06-19,30.5,30.6,19.65,10.3,2.6,59,72.64,3,Chittagong,IQAir,Summer,
540,11-06-19,33.6,31.2,0,6.9,2.5,35.1,70.34,8,Mymensingh,IQAir,Summer,
541,13-06-19,42.3,31.8,0,9.2,2.5,66.1,74.72,12,Khulna,EPA,Summer,
542,14-06-19,35.3,30.6,0,10.3,2.6,77.1,78.92,12,Chittagong,PurpleAir,Summer,
543,15-06-19,43.8,27.6,30.36,9.2,2.6,77.6,83.1,1,Rangpur,PurpleAir,Summer,
544,17-06-19,32.7,30.6,0,13.4,2.6,68,76.95,21,Mymensingh,PurpleAir,Summer,
545,18-06-19,50.8,30.2,76.3,11.4,2.5,67.1,73.94,5,Chittagong,IQAir,Summer,
546,21-06-19,33.2,30.3,2.55,23,2.6,74.8,78.95,6,Khulna,IQAir,Summer,
547,22-06-19,25.8,30,25.7,11.4,2.5,60.2,77.63,17,Barishal,PurpleAir,Summer,
548,24-06-19,19.7,32.3,0.4,11.4,2.7,39.5,67.09,5,Mymensingh,IQAir,Summer,
549,26-06-19,16,31.7,0,15,2.6,72,73.1,6,Khulna,IQAir,Summer,
550,28-06-19,25.3,28.6,12.25,17.2,2.5,77.4,84.27,15,Rajshahi,EPA,Summer,
551,30-06-19,38.3,30.3,25.76,9.2,2.6,73.7,80.01,6,Rajshahi,EPA,Summer,
552,01-07-19,24.8,30.2,8.23,18.3,2.6,72.4,76.71,17,Khulna,PurpleAir,Summer,
553,03-07-19,17.8,29.3,14.58,16.1,2.5,62,78.79,5,Barishal,IQAir,Summer,
554,04-07-19,33.7,30.7,14.96,11.4,2.7,74.8,75.46,23,Rajshahi,IQAir,Summer,
555,06-07-19,17.7,28.8,10.4,16.1,2.6,87.5,84.33,20,Dhaka,PurpleAir,Summer,
556,07-07-19,33.3,28.5,40.05,11.4,2.5,87.7,87.79,1,Khulna,PurpleAir,Summer,
557,08-07-19,32,28.6,60.72,11.4,2.4,80.1,87.55,8,Dhaka,EPA,Summer,
558,10-07-19,28.7,29.5,47.31,16.1,2.6,76.5,79.24,19,Sylhet,IQAir,Summer,
559,11-07-19,24.4,28.3,21.33,16.1,2.3,91.6,88.47,6,Chittagong,IQAir,Summer,
560,13-07-19,28.3,28.8,29.26,13.9,2.4,82.5,85.87,14,Mymensingh,IQAir,Summer,
561,14-07-19,34.4,27.1,80.83,16.1,2.5,90.4,89.65,12,Dhaka,IQAir,Summer,
562,16-07-19,65.5,29.3,2.9,17.2,2.5,76.4,84.71,19,Rajshahi,EPA,Summer,
563,17-07-19,76.4,30.8,0,6.9,2.5,43.6,75.59,19,Chittagong,PurpleAir,Summer,
564,18-07-19,76.5,30.6,9,9.2,2.3,59.5,78.79,5,Dhaka,IQAir,Summer,
565,20-07-19,24.3,31.1,3.24,11.4,2.6,41.5,70.47,2,Sylhet,EPA,Summer,
566,21-07-19,23.6,31.7,0,10.3,2.6,51.5,73.82,3,Khulna,PurpleAir,Summer,
567,23-07-19,19.5,31.4,1,15,2.6,54.7,66.87,21,Dhaka,EPA,Summer,
568,24-07-19,19.7,31,8,12.8,2.6,81.1,76.62,10,Mymensingh,EPA,Summer,
569,26-07-19,37.3,27.8,57.94,11.4,2.3,88.3,89.28,21,Dhaka,PurpleAir,Summer,
570,27-07-19,14.4,28.1,35.71,13.9,2.5,81.8,82.75,4,Rangpur,EPA,Summer,
571,28-07-19,11,29.4,0.89,18.3,2.6,78.4,74.43,9,Khulna,PurpleAir,Summer,
572,30-07-19,35.1,28.6,17.69,11.4,2.5,73.9,81.16,4,Sylhet,PurpleAir,Summer,
573,31-07-19,48.2,29,28.96,13.9,2.5,72.4,81.53,20,Khulna,IQAir,Summer,
574,02-08-19,30.1,30.1,9.29,13.9,2.6,62.9,76.31,5,Mymensingh,IQAir,Summer,
575,03-08-19,21.3,29.4,24.7,12.8,2.5,75.7,82.97,12,Rajshahi,PurpleAir,Summer,
576,05-08-19,28.2,31.9,1,9.2,2.6,55.5,74.32,7,Sylhet,EPA,Summer,
577,06-08-19,26.4,31.7,29.07,12.8,2.6,74.8,72.85,17,Khulna,IQAir,Summer,
578,07-08-19,10.5,29.5,27.3,23,2.6,78.3,74.01,11,Chittagong,IQAir,Summer,
579,09-08-19,31.5,29.7,9.01,11.4,2.6,73.2,78.45,2,Rajshahi,PurpleAir,Summer,
580,10-08-19,31.4,31.2,3.7,9.2,2.6,59.4,72.86,8,Khulna,PurpleAir,Summer,
581,12-08-19,13.6,30.8,40.01,16.1,2.5,71.1,75.43,11,Sylhet,EPA,Summer,
582,13-08-19,4.8,28.3,61.73,13.9,2.5,84.2,84.98,16,Khulna,IQAir,Summer,
583,15-08-19,21.5,28.7,12.94,13.9,2.6,79.6,84.41,7,Chittagong,EPA,Summer,
584,16-08-19,26.8,29.2,1.98,11.4,2.5,81,83.46,13,Barishal,PurpleAir,Summer,
585,17-08-19,21.3,29.6,24.66,11.4,2.4,75.8,80.33,6,Dhaka,PurpleAir,Summer,
586,19-08-19,30.2,30.7,1,11.4,2.6,50.3,71.27,9,Dhaka,PurpleAir,Summer,
587,20-08-19,21.3,30.9,1,8.1,2.6,65.1,72.89,8,Mymensingh,EPA,Summer,
588,22-08-19,46.3,30.2,4.56,13.9,2.6,74.4,77.63,5,Sylhet,IQAir,Summer,
589,23-08-19,34.4,29.1,7.42,10.3,2.5,76.8,83.64,5,Mymensingh,EPA,Summer,
590,25-08-19,23.6,30.1,10,11.4,2.6,66.7,74.5,11,Khulna,IQAir,Summer,
591,26-08-19,38.2,30.8,19,11.4,2.7,46.7,70.76,18,Rajshahi,PurpleAir,Summer,
592,27-08-19,24.4,30.7,0.5,15,2.6,45.4,72.97,19,Rajshahi,PurpleAir,Summer,
593,29-08-19,27.9,31.7,0,11.4,2.6,46.5,66,17,Dhaka,EPA,Summer,
594,30-08-19,31.5,31.7,0,8.1,2.6,50.7,69.09,14,Mymensingh,PurpleAir,Summer,
595,01-09-19,44.7,31.8,2,9.2,2.6,52.7,71.53,9,Barishal,EPA,Autumn,
596,02-09-19,111,29.6,41.7,11.4,2.5,73.9,76.32,6,Chittagong,IQAir,Autumn,
597,04-09-19,52,30.4,10.8,17.2,2.6,71.4,73.57,23,Dhaka,PurpleAir,Autumn,
598,05-09-19,32,30.2,12.7,17.2,2.6,70.2,76.77,8,Rajshahi,EPA,Autumn,
599,06-09-19,22.5,29.9,8.7,18.3,2.7,58.1,75.47,15,Dhaka,PurpleAir,Autumn,
600,08-09-19,28.2,29.3,4.06,15,2.6,77.8,79.24,21,Barishal,PurpleAir,Autumn,
601,09-09-19,39,28.5,35.62,11.4,2.6,77.1,85.22,4,Chittagong,EPA,Autumn,
602,11-09-19,22.4,29.8,6.11,13.9,2.6,71.2,78.46,8,Mymensingh,PurpleAir,Autumn,
603,12-09-19,22.5,28.2,19.65,17.2,2.6,84.3,86.95,2,Mymensingh,IQAir,Autumn,
604,14-09-19,40.9,29.7,0.8,9.2,2.6,68.4,76.05,7,Barishal,IQAir,Autumn,
605,15-09-19,29.3,30.6,5,9.2,2.6,57,72.13,2,Chittagong,IQAir,Autumn,
606,16-09-19,33.9,29.8,1.2,9.2,2.5,77.3,78.19,7,Khulna,PurpleAir,Autumn,
607,18-09-19,55,30.8,0,9.2,2.5,38.4,72.5,6,Rajshahi,PurpleAir,Autumn,
608,19-09-19,75.3,31.2,0,6.9,2.6,52.3,70.83,19,Khulna,IQAir,Autumn,
609,21-09-19,47.2,30,5.49,11.4,2.6,60.3,76.3,21,Chittagong,IQAir,Autumn,
610,22-09-19,46.6,28.7,6.4,17.2,2.6,74.1,81.57,16,Khulna,PurpleAir,Autumn,
611,24-09-19,25.7,27.4,18.36,11.4,2.5,82.4,85.02,11,Rangpur,EPA,Autumn,
612,25-09-19,19.3,26.6,22.18,9.2,2.5,88.6,86.43,14,Mymensingh,EPA,Autumn,
613,26-09-19,34,27.9,9.05,9.2,2.5,83.2,80.54,9,Khulna,EPA,Autumn,
614,28-09-19,38.2,27.8,10.36,9.2,2.5,79.4,81.14,18,Dhaka,IQAir,Autumn,
615,29-09-19,28.2,27.2,18.45,8.1,2.5,81.2,85.66,19,Barishal,PurpleAir,Autumn,
616,01-10-19,33,27,90.37,9.2,2.4,80.8,88.11,2,Rajshahi,EPA,Autumn,
617,02-10-19,37,28.8,18,11.4,2.5,71.1,76.6,21,Mymensingh,IQAir,Autumn,
618,04-10-19,50.4,29.5,0,6.9,2.6,46.1,76.11,4,Sylhet,IQAir,Autumn,
619,05-10-19,55.8,29.6,0,9.2,2.6,54.2,77.06,2,Rajshahi,EPA,Autumn,
620,06-10-19,69.9,29,12.81,9.2,2.6,70.1,79.19,4,Chittagong,IQAir,Autumn,
621,08-10-19,49.8,28.4,9.6,13.9,2.4,63.4,78.93,20,Dhaka,PurpleAir,Autumn,
622,09-10-19,32.5,28.3,2.2,9.2,2.6,64.1,78.96,17,Dhaka,EPA,Autumn,
623,11-10-19,23.3,28.3,2.6,6.9,2.6,51.4,75.51,14,Rangpur,IQAir,Autumn,
624,12-10-19,72.8,29.1,0,6.9,2.7,33.7,72.9,16,Barishal,IQAir,Autumn,
625,14-10-19,69.4,28.9,0,9.2,2.6,24.9,66.98,15,Barishal,PurpleAir,Autumn,
626,15-10-19,76,29.4,0,9.2,2.6,21.1,70.78,6,Mymensingh,IQAir,Autumn,
627,16-10-19,48.9,28,18.3,12.8,2.5,50,79.19,11,Mymensingh,EPA,Autumn,
628,18-10-19,52.9,30,0,9.2,2.3,22.2,68.94,13,Mymensingh,EPA,Autumn,
629,19-10-19,73.5,30,0,6.9,2.5,18.5,69.16,17,Mymensingh,PurpleAir,Autumn,
630,21-10-19,89.9,29.3,0,9.2,2.5,20.7,67.18,9,Dhaka,EPA,Autumn,
631,22-10-19,96.5,28.9,0,6.9,2.3,50.5,74.95,3,Chittagong,PurpleAir,Autumn,
632,27-10-19,50.3,25.6,2,11.4,2.5,62.5,77.29,16,Barishal,IQAir,Autumn,
633,28-10-19,135,25.9,0,10.3,2.6,29.6,70.14,11,Rajshahi,EPA,Autumn,
634,29-10-19,138,26.5,0,6.9,2.5,18.6,71.36,6,Chittagong,IQAir,Autumn,
635,31-10-19,163,27.2,0,9.2,2.6,24.4,68.58,2,Barishal,EPA,Autumn,
636,01-11-19,149,27.6,0,8.1,2.5,33.7,70.01,19,Khulna,EPA,Autumn,
637,03-11-19,144,26.9,0,6.9,2.4,41.7,74.03,8,Dhaka,EPA,Autumn,
638,04-11-19,177,27,0,11.4,2.4,22.8,68.66,22,Dhaka,PurpleAir,Autumn,
639,06-11-19,157,26.7,0,9.2,2.1,32.1,75.1,16,Rajshahi,EPA,Autumn,
640,07-11-19,190,26.1,0,8.1,2.4,51.4,69.85,19,Chittagong,IQAir,Autumn,
641,08-11-19,168,25.5,4.54,6.9,2.2,80.9,79.74,16,Barishal,EPA,Autumn,
642,10-11-19,15.2,23.9,44.59,23,2.4,91,85.71,4,Chittagong,EPA,Autumn,
643,11-11-19,40.7,26.1,6.79,13.9,2.5,52.7,76.41,8,Rangpur,IQAir,Autumn,
644,13-11-19,82.8,26.5,0,6.9,2.2,27.1,72.17,7,Chittagong,IQAir,Autumn,
645,14-11-19,69.1,26.8,0,6.9,2.3,10.4,70.48,1,Khulna,PurpleAir,Autumn,
646,16-11-19,103.7,26.2,0,6.9,2.3,20.4,68.28,13,Barishal,EPA,Autumn,
647,17-11-19,123.7,25.8,0,9.2,2.3,31.2,70.01,21,Chittagong,PurpleAir,Autumn,
648,18-11-19,124,25.2,0,4.7,2.4,19.5,70.4,15,Rangpur,PurpleAir,Autumn,
649,20-11-19,70.8,24.3,0,6.9,2.2,19.6,60.96,17,Rangpur,EPA,Autumn,
650,21-11-19,101.3,24,0,6.9,2.3,20.6,69.51,8,Sylhet,EPA,Autumn,
651,23-11-19,117.8,24.6,0,8.1,2.2,27.1,71.48,17,Mymensingh,IQAir,Autumn,
652,24-11-19,136.7,24.3,0,6.9,2.2,18.2,73.07,21,Dhaka,IQAir,Autumn,
653,26-11-19,88.2,25,0,5.8,2.3,2.3,73.12,6,Mymensingh,IQAir,Autumn,
654,27-11-19,65.7,24.4,0,6.9,2.3,0,70.71,3,Rangpur,PurpleAir,Autumn,
655,28-11-19,79,24.7,0,5.8,2.5,0,71.41,11,Sylhet,EPA,Autumn,
656,30-11-19,124.4,24.3,0,9.2,2.3,0.6,69.23,22,Barishal,PurpleAir,Autumn,
657,01-12-19,129,23.8,0,10.3,2.3,22.2,67.12,2,Khulna,PurpleAir,Winter,
658,03-12-19,130.6,22,0,5.8,2.3,15.1,69.13,14,Rangpur,PurpleAir,Winter,
659,04-12-19,111.2,21.5,0,6.9,2,6.5,68.51,1,Rangpur,PurpleAir,Winter,
660,06-12-19,59.7,23.7,0,9.2,2.4,20.3,63.46,6,Barishal,EPA,Winter,
661,07-12-19,81.3,23.2,0,6.9,2.4,16.5,61.97,2,Rajshahi,IQAir,Winter,
662,08-12-19,101.4,23.3,0,5.8,2.4,39.4,64.61,17,Khulna,IQAir,Winter,
663,10-12-19,125.8,21.9,0,9.2,2.2,19.4,67.02,21,Khulna,IQAir,Winter,
664,11-12-19,146.6,21.5,0,9.2,2.2,24.3,67.54,1,Barishal,EPA,Winter,
665,13-12-19,194.7,21.1,0,4.7,1.9,6,69.64,18,Sylhet,PurpleAir,Winter,
666,14-12-19,140.2,21.4,0,9.2,2,2.3,69.66,10,Rangpur,EPA,Winter,
667,16-12-19,120.5,22.1,0,6.9,2.3,23.2,68.52,12,Chittagong,PurpleAir,Winter,
668,17-12-19,121.9,21.1,0,9.2,1.7,30.7,73.94,6,Barishal,PurpleAir,Winter,
669,18-12-19,146.8,18,0,11.4,1.6,32.9,81.7,13,Chittagong,IQAir,Winter,
670,20-12-19,161,15.7,0,6.9,1,64.8,86.84,3,Mymensingh,PurpleAir,Winter,
671,21-12-19,138.8,14.7,0,8.2,0.8,64.1,86.99,21,Barishal,EPA,Winter,
672,23-12-19,136.2,17.6,0,8.1,1.8,53.7,76.73,14,Barishal,PurpleAir,Winter,
673,24-12-19,216.8,16.4,0,8.1,0.9,55.9,84.84,5,Khulna,IQAir,Winter,
674,26-12-19,271.3,17.2,0.1,5.8,0.9,67.4,82.74,3,Sylhet,EPA,Winter,
675,27-12-19,222.3,17,8.88,11.4,1,75.8,85.23,19,Rangpur,IQAir,Winter,
676,28-12-19,167.6,16.3,0.75,10.3,1.1,40.1,82.61,1,Chittagong,EPA,Winter,
677,30-12-19,114.2,18.5,0,6.9,1.8,23.6,71.65,4,Mymensingh,EPA,Winter,
678,31-12-19,174.5,20,0,9.2,1.9,9.4,71.59,16,Sylhet,EPA,Winter,
679,02-01-20,146.5,21.7,0,6.9,2.2,40.1,69.58,23,Mymensingh,PurpleAir,Winter,
680,03-01-20,50.1,19.1,30.86,11.4,2.4,84.1,84.46,19,Sylhet,PurpleAir,Winter,
681,05-01-20,106.9,19.2,0,8.1,1.9,54.1,77.99,9,Rajshahi,PurpleAir,Winter,
682,06-01-20,128.7,17.7,0,11.4,1.7,13.5,79.17,18,Khulna,PurpleAir,Winter,
683,07-01-20,182.3,15.5,0,9.2,0.8,42.4,85.67,21,Mymensingh,IQAir,Winter,
684,09-01-20,165.2,18.8,0,5.8,1.4,69.3,78.25,19,Barishal,PurpleAir,Winter,
685,10-01-20,141.6,19.3,0,9.2,1.5,25.3,73.43,7,Barishal,PurpleAir,Winter,
686,12-01-20,200.6,15.3,0,10.3,0.7,52.4,89.34,4,Mymensingh,EPA,Winter,
687,13-01-20,227,16.5,0,4.7,0.9,58.7,82.53,3,Barishal,IQAir,Winter,
688,15-01-20,262.4,19.5,0,6.9,0.9,47.9,80.2,18,Rajshahi,IQAir,Winter,
689,16-01-20,211.8,20.4,0,5.8,1.2,28.5,76.57,19,Rangpur,IQAir,Winter,
690,17-01-20,130.4,21.3,0,6.9,1.7,3.5,70.71,1,Mymensingh,PurpleAir,Winter,
691,19-01-20,195.3,21.2,0,11.4,1.6,21.3,74.94,13,Mymensingh,EPA,Winter,
692,20-01-20,138.4,19.2,0,10.3,1.9,28.9,71.96,6,Khulna,IQAir,Winter,
693,22-01-20,177.8,18.8,0,8.1,1.6,7.4,69.26,9,Chittagong,IQAir,Winter,
694,23-01-20,198.1,19,0,6.9,1.9,24.6,67.45,16,Chittagong,PurpleAir,Winter,
695,25-01-20,157.9,17.8,0,6.9,1.7,6.4,66.65,13,Dhaka,EPA,Winter,
696,26-01-20,174.7,18.6,0,11.4,2,9.2,67.39,16,Barishal,EPA,Winter,
697,27-01-20,215.6,17.9,0,6.9,1.1,24.3,76.57,22,Mymensingh,EPA,Winter,
698,29-01-20,259.3,19.1,0,6.9,0.7,66.8,84.79,23,Barishal,PurpleAir,Winter,
699,30-01-20,269.9,20.7,0,6.9,0.9,65.9,76.93,20,Dhaka,IQAir,Winter,
700,01-02-20,134.8,19.5,0,9.2,1.8,5.5,63.96,4,Rangpur,PurpleAir,Winter,
701,02-02-20,113.9,19,0,11.4,2,1.2,63.73,20,Khulna,EPA,Winter,
702,04-02-20,142.8,19.4,0,9.2,2.1,12.4,62.29,22,Rajshahi,IQAir,Winter,
703,05-02-20,136.4,20.9,0,9.2,2.1,31.9,57.68,14,Mymensingh,EPA,Winter,
704,06-02-20,149.8,19.8,0,9.2,1.9,3.5,62.47,22,Dhaka,EPA,Winter,
705,08-02-20,152.8,20,0,10.3,1.8,65.8,62.76,21,Dhaka,EPA,Winter,
706,09-02-20,156.9,21.5,0,11.4,2,35.8,62.6,23,Khulna,PurpleAir,Winter,
707,11-02-20,129.8,20.6,0,11.4,2.3,0,59.42,9,Khulna,EPA,Winter,
708,12-02-20,138.8,20.9,0,11.4,2.1,4.6,61.83,14,Barishal,PurpleAir,Winter,
709,14-02-20,255.3,20.6,0,6.9,1.9,9.6,65.63,1,Rangpur,PurpleAir,Winter,
710,15-02-20,163.6,23,0,9.2,1.8,25,69.26,5,Dhaka,PurpleAir,Winter,
711,16-02-20,187.6,23,0,9.2,1.5,24.4,70.14,20,Barishal,IQAir,Winter,
712,18-02-20,205.8,22.5,0,10.3,1.6,8.1,68.35,7,Rajshahi,PurpleAir,Winter,
713,19-02-20,212.1,23.5,0,9.2,2.3,2.1,61.55,12,Rajshahi,EPA,Winter,
714,21-02-20,186.3,23.3,0,11.4,2,17.9,62.36,14,Dhaka,EPA,Winter,
715,22-02-20,138.2,23.8,0,6.9,2.3,9.1,60.43,21,Sylhet,IQAir,Winter,
716,24-02-20,195.6,24,0,10.3,1.9,57.1,70.26,8,Rajshahi,IQAir,Winter,
717,25-02-20,167.6,21.3,0.21,9.2,1.5,70.8,78.52,13,Rangpur,PurpleAir,Winter,
718,26-02-20,108.4,21.5,2.8,9.2,1.9,43.4,71.43,9,Sylhet,PurpleAir,Winter,
719,28-02-20,106.7,23.7,0,11.4,2.3,4.2,56.91,14,Dhaka,EPA,Winter,
720,29-02-20,114,25.7,0,8.1,2.4,1.3,51.12,6,Khulna,IQAir,Winter,
721,02-03-20,146.1,25.2,0,9.2,2.4,18.8,63.13,5,Mymensingh,PurpleAir,Spring,
722,03-03-20,111.4,23.7,29.66,20.8,2.3,48.7,67.72,20,Khulna,EPA,Spring,
723,05-03-20,76.1,24.9,32.2,12.8,2.5,52.1,63.58,5,Rajshahi,EPA,Spring,
724,06-03-20,90.6,24.8,12.4,11.4,2.4,62.2,68.85,9,Sylhet,PurpleAir,Spring,
725,07-03-20,83.4,23.2,0.51,13.9,2.1,56.6,72.28,10,Rangpur,IQAir,Spring,
726,09-03-20,91.2,24.3,0,8.1,2.4,21,61.9,11,Dhaka,EPA,Spring,
727,10-03-20,104.8,24.5,0,9.2,2.5,2.7,55.22,8,Khulna,PurpleAir,Spring,
728,12-03-20,131.2,27,0,6.9,2.3,37.5,57.67,15,Khulna,EPA,Spring,
729,13-03-20,115,27.9,0,9.2,2.4,9.7,63.62,2,Dhaka,EPA,Spring,
730,15-03-20,62.5,25.8,0,13.9,2.6,36.7,62.24,2,Rajshahi,EPA,Spring,
731,16-03-20,80.8,26.6,0,10.3,2.5,22.8,56.85,9,Dhaka,EPA,Spring,
732,17-03-20,82.9,26.8,0,9.2,2.5,34.3,53.38,21,Dhaka,PurpleAir,Spring,
733,19-03-20,95.8,26.6,0,8.1,2.6,19.9,52.35,9,Mymensingh,IQAir,Spring,
734,20-03-20,157.5,26.9,0.7,13.9,2.4,60.1,62.38,6,Rajshahi,IQAir,Spring,
735,22-03-20,45.8,25.1,1.5,11.4,2.5,69,62.82,21,Sylhet,IQAir,Spring,
736,23-03-20,76.3,25.6,0,5.8,2.6,31.3,62.33,3,Chittagong,EPA,Spring,
737,25-03-20,138.1,27.5,0,11.4,2.4,15.1,58.63,14,Khulna,EPA,Spring,
738,26-03-20,134,29,0,9.2,2.4,19.5,58.03,15,Barishal,PurpleAir,Spring,
739,27-03-20,99.5,29.4,0,11.4,2.2,10.3,54.32,17,Mymensingh,EPA,Spring,
740,29-03-20,48.6,30.1,0,11.4,2.7,0.6,49.8,21,Rajshahi,PurpleAir,Spring,
741,30-03-20,47.3,29.1,0,11.4,2.6,11.7,43.72,11,Sylhet,EPA,Spring,
742,01-04-20,123.8,29.7,0,9.2,2.7,2.8,51.16,2,Khulna,PurpleAir,Spring,
743,02-04-20,66.1,29.1,1.5,13.9,2.4,35.2,62.14,14,Dhaka,PurpleAir,Spring,
744,04-04-20,62,29.1,0,9.2,2.7,40.2,57.1,7,Rajshahi,IQAir,Spring,
745,05-04-20,95.8,29.5,22,11.4,2.7,45.8,63.97,6,Khulna,EPA,Spring,
746,06-04-20,107,29.6,0,13.9,2.7,0.1,54.8,7,Rangpur,IQAir,Spring,
747,08-04-20,47.8,28.6,0.4,11.4,2.5,52.1,70.22,7,Chittagong,IQAir,Spring,
748,09-04-20,55.2,30.2,0,9.2,2.4,39.6,63.66,19,Khulna,EPA,Spring,
749,11-04-20,28.9,29.9,0.4,19.7,2.6,36.8,60.95,7,Dhaka,EPA,Spring,
750,12-04-20,33.7,26.1,2.03,20.8,2.6,44.8,69.04,13,Dhaka,IQAir,Spring,
751,14-04-20,70.4,30.4,6.8,6.9,2.7,44.3,64.19,17,Dhaka,IQAir,Spring,
752,15-04-20,33.3,27.7,3.6,23,2.6,54.8,73.83,13,Rajshahi,EPA,Spring,
753,16-04-20,41.8,27.1,0.8,11.4,2.6,47.5,62.58,11,Dhaka,EPA,Spring,
754,18-04-20,34.4,28.6,6,13.9,2.6,75.6,75.14,16,Rajshahi,EPA,Spring,
755,19-04-20,31.1,28.7,44.3,18.3,2.6,46.7,66.94,1,Dhaka,IQAir,Spring,
756,21-04-20,57.7,26.9,1.4,16.1,2.6,77.2,71.79,13,Rangpur,PurpleAir,Spring,
757,22-04-20,53,27.4,21.09,11.4,2.6,67,66.16,6,Mymensingh,EPA,Spring,
758,24-04-20,42.4,24.4,23.82,152.1,2.6,79.3,80.62,7,Barishal,IQAir,Spring,
759,25-04-20,34.9,26.2,9.27,11.4,2.6,73.9,72.68,13,Barishal,PurpleAir,Spring,
760,26-04-20,26.6,24.3,53.14,11.4,2.6,73.1,83.93,11,Khulna,IQAir,Spring,
761,28-04-20,49.2,25.7,4.29,11.4,2.6,76.7,82.82,2,Rajshahi,PurpleAir,Spring,
762,29-04-20,38.4,26.5,4.2,9.2,2.6,69.8,75.17,3,Khulna,PurpleAir,Spring,
763,01-05-20,59.8,25.4,15.09,85.2,2.6,63.2,84.57,13,Khulna,PurpleAir,Spring,
764,02-05-20,45,25.8,20.1,13.9,2.5,79.4,82.42,11,Barishal,PurpleAir,Spring,
765,04-05-20,59.9,29.3,0,6.9,2.6,54.6,70.94,5,Rangpur,EPA,Spring,
766,05-05-20,33.9,29.6,0,11.4,2.6,52.5,71.04,3,Sylhet,IQAir,Spring,
767,06-05-20,33.8,26.8,43.46,18.3,2.5,71.4,79.65,17,Mymensingh,EPA,Spring,
768,08-05-20,64.4,27.9,9.5,11.4,2.6,45,70.2,18,Dhaka,PurpleAir,Spring,
769,09-05-20,74.1,29.2,22.96,13.1,2.6,53.2,74.5,3,Dhaka,EPA,Spring,
770,11-05-20,56,28.6,4,11.4,2.6,66.2,69.73,6,Sylhet,PurpleAir,Spring,
771,12-05-20,56.3,29.8,0,4.7,2.7,30.9,65.77,23,Rajshahi,EPA,Spring,
772,14-05-20,62.7,28.6,33.18,13.9,2.4,68,69.81,11,Rajshahi,PurpleAir,Spring,
773,15-05-20,43.4,28.8,30.54,11.4,2.7,73.7,77.13,21,Barishal,PurpleAir,Spring,
774,16-05-20,40.4,29.8,18,13.9,2.6,58.8,71.75,21,Sylhet,IQAir,Spring,
775,18-05-20,41,31.2,0,11.4,2.7,42.2,61.43,12,Rangpur,PurpleAir,Spring,
776,19-05-20,42.4,30,13.85,49.4,2.6,80.2,71.86,9,Rangpur,IQAir,Spring,
777,28-05-20,24.4,27.7,17.71,13.9,2.6,72.5,73.23,19,Khulna,IQAir,Spring,
778,29-05-20,30.2,28.2,3.59,13.9,2.6,66.8,76.01,1,Rangpur,PurpleAir,Spring,
779,31-05-20,30.4,29.4,0,13.9,2.7,70.2,69.86,16,Dhaka,EPA,Spring,
780,01-06-20,34.1,29.4,0,13.9,2.7,63.6,68.04,21,Chittagong,PurpleAir,Summer,
781,02-06-20,43.8,29.5,4.4,17.2,2.7,52.4,70.92,11,Rangpur,EPA,Summer,
782,04-06-20,28.5,27.6,31.8,23,2.4,79.2,81.34,5,Barishal,EPA,Summer,
783,05-06-20,41.4,28.3,23.2,11.4,2.5,78.3,78.2,16,Chittagong,EPA,Summer,
784,07-06-20,52.6,30.4,0.4,11.4,2.6,65.4,71.42,6,Khulna,PurpleAir,Summer,
785,08-06-20,54.8,28.9,4,13.9,2.7,74.7,76.71,20,Sylhet,PurpleAir,Summer,
786,10-06-20,45,29.5,29.02,8.1,2.5,74.1,74.18,12,Barishal,PurpleAir,Summer,
787,11-06-20,32.4,28,7.55,11.4,2.5,78,82.29,5,Khulna,EPA,Summer,
788,12-06-20,23,29,15.91,6.9,2.6,74.4,75.74,3,Chittagong,IQAir,Summer,
789,14-06-20,30,29.2,19.03,11.4,2.6,66,76.26,21,Rajshahi,PurpleAir,Summer,
790,15-06-20,34.1,30.5,6.5,16.1,2.7,62.5,68.86,20,Barishal,EPA,Summer,
791,17-06-20,38.2,27.3,39.36,13.9,2.6,83.2,88.75,23,Chittagong,EPA,Summer,
792,18-06-20,23.6,28.4,51.43,13.9,2.5,84.7,84.31,13,Chittagong,EPA,Summer,
793,20-06-20,28.8,29.8,4.9,13.9,2.7,62.6,74.17,4,Rajshahi,PurpleAir,Summer,
794,21-06-20,25.1,29.2,19.57,13.9,2.6,74.1,77.59,18,Barishal,IQAir,Summer,
795,22-06-20,29.7,29.6,7.82,17.2,2.6,73.3,75.44,14,Barishal,PurpleAir,Summer,
796,24-06-20,26.4,31,0,17.2,2.7,64.7,69.35,3,Mymensingh,PurpleAir,Summer,
797,25-06-20,24,31.4,0,16.1,2.7,76.7,69.09,10,Chittagong,IQAir,Summer,
798,27-06-20,15,30.4,4.06,20.8,2.7,76.5,74.17,3,Khulna,PurpleAir,Summer,
799,28-06-20,36.9,28.6,14.78,18.3,2.5,74.3,80.46,8,Mymensingh,IQAir,Summer,
800,30-06-20,25,29.3,1.4,9.2,2.7,71.1,76.16,12,Rajshahi,IQAir,Summer,
801,01-07-20,16.3,31.7,1,17.2,2.7,61.6,68.45,12,Dhaka,PurpleAir,Summer,
802,02-07-20,24.2,31.5,0,13.9,2.7,63,66.26,22,Rangpur,PurpleAir,Summer,
803,04-07-20,39,29.6,19.57,8.1,2.7,74.3,74.39,10,Dhaka,PurpleAir,Summer,
804,05-07-20,24,28.7,29.35,11.4,2.6,75.1,81.36,10,Khulna,EPA,Summer,
805,07-07-20,21.2,29.5,20.18,18.3,2.7,78.9,79.61,11,Dhaka,EPA,Summer,
806,08-07-20,50.8,30.4,14.9,13.9,2.7,70.8,72.14,12,Chittagong,IQAir,Summer,
807,10-07-20,15.5,29.8,15.79,117.4,2.6,76.5,76.83,20,Barishal,EPA,Summer,
808,11-07-20,17.3,29.1,31.9,17.2,2.3,88.3,83.19,20,Rangpur,IQAir,Summer,
809,12-07-20,42,28.1,39.08,20.8,2.4,85.6,88.58,15,Barishal,PurpleAir,Summer,
810,14-07-20,33.3,29,25.22,10.3,2.5,68.4,80.87,2,Rangpur,PurpleAir,Summer,
811,15-07-20,59.7,29.7,9.66,16.1,2.7,75.4,73.22,13,Sylhet,IQAir,Summer,
812,17-07-20,33.6,30,17.77,11.4,2.6,67.9,74.22,9,Rangpur,PurpleAir,Summer,
813,18-07-20,26.9,30.2,28.9,23,2.6,58.1,75.16,3,Barishal,EPA,Summer,
814,20-07-20,31,26.9,89.65,20.8,2.2,86,87.11,15,Chittagong,PurpleAir,Summer,
815,21-07-20,35.8,27,80.42,16.1,2.2,92.8,90.93,23,Mymensingh,EPA,Summer,
816,22-07-20,31,27.5,49.99,17.2,2.3,82.5,87.84,18,Dhaka,IQAir,Summer,
817,24-07-20,29.9,28.7,7.48,11.4,2.6,80.5,80.2,23,Barishal,PurpleAir,Summer,
818,25-07-20,38.8,30.1,1.2,23.9,2.7,49.7,73.01,14,Dhaka,EPA,Summer,
819,27-07-20,27.6,30.6,46.5,9.2,2.7,69,77.24,17,Mymensingh,EPA,Summer,
820,28-07-20,45.5,29.4,83.7,13.9,2.5,79.2,79.87,2,Khulna,EPA,Summer,
821,30-07-20,19,30.7,25.4,11.4,2.7,68.7,72.96,9,Rangpur,PurpleAir,Summer,
822,31-07-20,16.1,30.1,0.4,11.4,2.7,74.8,73.01,7,Chittagong,PurpleAir,Summer,
823,01-08-20,20.8,30.1,39.71,11.4,2.6,73.8,75.78,23,Dhaka,PurpleAir,Summer,
824,03-08-20,38.6,30.7,32.2,6.9,2.6,46.3,73.86,6,Khulna,IQAir,Summer,
825,04-08-20,36,29.4,51.15,8.1,2.6,70.1,78.86,16,Chittagong,IQAir,Summer,
826,06-08-20,15.3,29.9,31.06,16.1,2.6,74.5,77.49,1,Chittagong,IQAir,Summer,
827,07-08-20,25.5,29.8,4,11.4,2.7,67.8,78.89,13,Rajshahi,EPA,Summer,
828,09-08-20,21.7,30,12.81,11.4,2.6,72.9,73.8,16,Rajshahi,IQAir,Summer,
829,10-08-20,32.5,30.4,0.4,13.9,2.7,69.4,75.73,16,Dhaka,EPA,Summer,
830,11-08-20,33.4,30.4,0,11.4,2.7,68,75.66,11,Dhaka,EPA,Summer,
831,13-08-20,36.1,30.4,0.21,11.4,2.7,54.3,73.13,9,Rajshahi,IQAir,Summer,
832,14-08-20,24.7,30.7,0,17.2,2.7,68.8,73.17,21,Chittagong,EPA,Summer,
833,16-08-20,16,27.9,48.53,17.2,2.4,86.7,85.57,7,Dhaka,IQAir,Summer,
834,17-08-20,30.3,28.3,13.86,11.4,2.6,75.2,76.35,18,Sylhet,EPA,Summer,
835,19-08-20,14.1,29.1,3.68,15,2.7,76.8,76.77,22,Dhaka,PurpleAir,Summer,
836,20-08-20,12.8,27,12.69,17.2,2.5,87.4,85.73,17,Rangpur,EPA,Summer,
837,21-08-20,22.3,27.4,41.35,11.4,2.4,82.1,86.17,9,Sylhet,PurpleAir,Summer,
838,23-08-20,37.7,29.5,21.65,9.2,2.5,76.1,80.77,4,Barishal,EPA,Summer,
839,24-08-20,49.3,30.5,33.6,9.2,2.6,52,71.26,18,Rangpur,PurpleAir,Summer,
840,26-08-20,14.2,29.1,1.38,20.8,2.6,68.3,71.03,8,Khulna,PurpleAir,Summer,
841,27-08-20,29.9,29.5,45.4,11.4,2.7,75.3,76.99,23,Barishal,PurpleAir,Summer,
842,29-08-20,29.3,29,28.22,13.9,2.7,79.3,79.48,12,Dhaka,EPA,Summer,
843,30-08-20,42,30.5,3.41,15,2.7,78.3,72.74,13,Rangpur,EPA,Summer,
844,31-08-20,46.5,30.7,18.13,9.2,2.7,72.2,74.02,19,Rajshahi,PurpleAir,Summer,
845,02-09-20,36.7,29.9,13.12,13.9,2.7,64.3,70.77,11,Chittagong,IQAir,Autumn,
846,03-09-20,33.5,30,0,9.2,2.7,44.1,70.21,3,Chittagong,IQAir,Autumn,
847,05-09-20,25,31.4,0,11.4,2.7,53.1,68.3,11,Chittagong,PurpleAir,Autumn,
848,06-09-20,20.3,31,1,16.1,2.7,66.1,67.16,14,Chittagong,EPA,Autumn,
849,08-09-20,26,29.5,30.94,11.4,2.7,75.2,77.05,20,Barishal,PurpleAir,Autumn,
850,09-09-20,68.5,28.9,33.5,6.9,2.6,71.8,76.83,17,Rajshahi,IQAir,Autumn,
851,10-09-20,45.5,28.9,23.37,13.9,2.6,77.1,80.08,11,Mymensingh,IQAir,Autumn,
852,12-09-20,32.1,29.8,17,10.3,2.7,72.5,78.21,18,Rajshahi,PurpleAir,Autumn,
853,13-09-20,23.6,29.6,9.17,11.4,2.5,69.1,77.68,5,Barishal,EPA,Autumn,
854,15-09-20,45.7,29.9,6.62,11.4,2.6,67.1,75.97,10,Khulna,IQAir,Autumn,
855,16-09-20,26.7,30.1,13.71,17.2,2.6,72.7,72.41,2,Sylhet,IQAir,Autumn,
856,18-09-20,34.8,28.6,47.26,10.3,2.7,64.7,79.96,5,Mymensingh,PurpleAir,Autumn,
857,19-09-20,32.9,31,0,8.1,2.7,42.8,68.05,8,Sylhet,EPA,Autumn,
858,20-09-20,41.4,30.6,2.29,17.2,2.6,60.7,71.39,20,Chittagong,IQAir,Autumn,
859,22-09-20,28.8,28.7,26.09,11.4,2.6,82.4,79.73,22,Mymensingh,IQAir,Autumn,
860,23-09-20,30.6,28.4,13.47,15,2.6,76.6,78.64,13,Barishal,EPA,Autumn,
861,25-09-20,20.1,28.7,36.89,11.4,2.6,78.1,79.54,7,Rajshahi,PurpleAir,Autumn,
862,26-09-20,27.3,28.5,31.19,17.2,2.5,83.4,81.76,11,Chittagong,PurpleAir,Autumn,
863,28-09-20,47.3,29.6,0,6.9,2.6,60.1,72.95,13,Sylhet,PurpleAir,Autumn,
864,29-09-20,67.2,29.5,0,5.8,2.6,51.1,74.7,22,Dhaka,EPA,Autumn,
865,30-09-20,60.9,30.2,1,6.9,2.6,61.3,73.6,22,Mymensingh,IQAir,Autumn,
866,02-10-20,38.8,28.9,27.7,13.9,2.6,69,76.76,9,Rajshahi,IQAir,Autumn,
867,03-10-20,47.5,29,15.4,5.8,2.6,60.9,78.3,11,Rajshahi,PurpleAir,Autumn,
868,05-10-20,58,29,8.4,11.4,2.6,62.5,77.01,16,Rajshahi,PurpleAir,Autumn,
869,06-10-20,40.3,28.9,41.23,13.9,2.5,72.9,74.9,23,Barishal,IQAir,Autumn,
870,08-10-20,41,29,12,4.7,2.5,68,77.48,4,Mymensingh,IQAir,Autumn,
871,09-10-20,58.3,30.1,1.2,8.1,2.5,60.4,72.52,19,Barishal,EPA,Autumn,
872,10-10-20,65.7,30.2,1.2,9.2,2.5,51.4,72.08,4,Barishal,PurpleAir,Autumn,
873,12-10-20,71.5,29.5,60.05,6,2.4,61.5,79.68,11,Barishal,IQAir,Autumn,
874,13-10-20,93.2,29.8,0.4,9.2,2.5,45.8,74.67,12,Mymensingh,PurpleAir,Autumn,
875,15-10-20,114.6,29.4,0,6.9,2.5,46.5,74.93,15,Mymensingh,EPA,Autumn,
876,16-10-20,68.4,30.4,0,6.9,2.5,24.2,70.15,16,Dhaka,EPA,Autumn,
877,18-10-20,73.3,29.1,0,9.2,2.6,57.2,73.68,19,Rangpur,EPA,Autumn,
878,19-10-20,52,29.2,0.2,8.1,2.6,77.2,76.14,23,Rajshahi,PurpleAir,Autumn,
879,20-10-20,75.3,29.9,9.7,11.4,2.5,52.4,71.72,19,Khulna,PurpleAir,Autumn,
880,22-10-20,14.4,26.5,65.89,11.4,2.2,93.1,86.52,22,Sylhet,IQAir,Autumn,
881,23-10-20,10.3,25.4,57.2,15,2,96.4,92.38,5,Chittagong,IQAir,Autumn,
882,25-10-20,28.6,28.5,0,9.2,2.5,62.7,73.42,18,Sylhet,EPA,Autumn,
883,26-10-20,70.6,28.4,0,3.4,2.5,24.1,69.9,9,Dhaka,EPA,Autumn,
884,28-10-20,65.9,28.6,0,4.7,2.5,1.4,71.07,12,Chittagong,EPA,Autumn,
885,29-10-20,51.5,29,0,6.9,2.6,4.7,68.8,11,Chittagong,EPA,Autumn,
886,30-10-20,46,29.6,0,5.8,2.6,16.2,68.12,7,Dhaka,PurpleAir,Autumn,
887,01-11-20,25.4,27.1,38.94,9.2,2.4,85.5,79.13,14,Barishal,PurpleAir,Autumn,
888,02-11-20,46,27.5,22,6.9,2.5,69.7,76.6,14,Chittagong,PurpleAir,Autumn,
889,04-11-20,146.1,28.2,0,8.1,2.5,30.8,68.5,15,Barishal,IQAir,Autumn,
890,05-11-20,133.7,27.2,0,5.8,2.4,2.5,65.68,3,Chittagong,EPA,Autumn,
891,07-11-20,96,25.4,0,3.7,2.3,1.2,69.21,23,Barishal,IQAir,Autumn,
892,08-11-20,71.6,25.7,0,6.9,2.3,0,70.1,5,Sylhet,EPA,Autumn,
893,09-11-20,42,26.9,0,4.7,2.5,2.1,68.75,8,Chittagong,EPA,Autumn,
894,11-11-20,47.6,27.1,0,9.2,2.6,0.3,62.69,18,Rajshahi,IQAir,Autumn,
895,12-11-20,60.8,27.4,0,5.8,2.6,8.5,63.33,23,Rajshahi,IQAir,Autumn,
896,14-11-20,60,28.4,0,9.2,2.5,0,59.53,13,Mymensingh,EPA,Autumn,
897,15-11-20,104.7,27,0,11.4,2.5,0,61.01,13,Chittagong,EPA,Autumn,
898,17-11-20,143.4,26.6,0,5.8,2.4,10.4,67.69,23,Rangpur,IQAir,Autumn,
899,18-11-20,164.1,25.1,0,6.9,2.3,0,68.02,14,Chittagong,EPA,Autumn,
900,19-11-20,174.8,26,0,4.7,2.3,47.8,67.87,7,Mymensingh,PurpleAir,Autumn,
901,21-11-20,112.1,24.2,27.9,4.7,1.4,75.9,84.3,5,Khulna,PurpleAir,Autumn,
902,22-11-20,131.7,23.6,1,9.2,2,27.5,70.66,16,Rangpur,IQAir,Autumn,
903,24-11-20,131.8,22.9,0,5.8,2.3,29.6,72.14,16,Khulna,PurpleAir,Autumn,
904,25-11-20,107,23.5,0,5.8,2.3,47.8,70.03,16,Khulna,PurpleAir,Autumn,
905,27-11-20,107.4,23.5,0,6.9,2.3,78.4,71.92,1,Chittagong,EPA,Autumn,
906,28-11-20,96.8,23.4,0,8.1,2.4,35.9,71.17,16,Barishal,PurpleAir,Autumn,
907,29-11-20,110.7,24.5,0,10.3,2.5,1.2,67.66,21,Rangpur,PurpleAir,Autumn,
908,01-12-20,141,23.9,0,4.7,2.3,8.9,69.59,21,Dhaka,EPA,Winter,
909,02-12-20,153.9,23.4,0,9.2,2.2,17.3,73.24,2,Mymensingh,IQAir,Winter,
910,04-12-20,201.5,24.8,0,8.1,2.2,8.4,65.94,10,Rajshahi,EPA,Winter,
911,05-12-20,260.9,22.9,0,4.7,1.6,35.1,77.42,9,Dhaka,EPA,Winter,
912,07-12-20,165.8,23.2,0,5.8,1.3,19.2,81.73,18,Chittagong,PurpleAir,Winter,
913,08-12-20,146.1,22.6,0,6.9,1,52.3,84.39,20,Sylhet,IQAir,Winter,
914,09-12-20,178.5,20.5,0,6.9,0.5,68,91.19,1,Chittagong,PurpleAir,Winter,
915,11-12-20,126.5,19.6,0,5.8,1.3,66.5,84.37,8,Sylhet,PurpleAir,Winter,
916,12-12-20,165.8,20.3,0,5.8,1.4,58.6,81.8,7,Chittagong,EPA,Winter,
917,14-12-20,218.5,22.4,0,6.9,1.4,7.5,73.94,12,Rangpur,IQAir,Winter,
918,15-12-20,175.4,21.1,0,9.2,1.4,27,79.24,16,Khulna,EPA,Winter,
919,17-12-20,182.4,20.8,0,6.9,1.6,0,74.37,8,Dhaka,PurpleAir,Winter,
920,18-12-20,146.5,20.9,0,6.9,2,0,69.6,12,Dhaka,IQAir,Winter,
921,19-12-20,135.9,20.3,0,8.1,2.1,2.1,62.4,17,Barishal,EPA,Winter,
922,21-12-20,208.5,19.2,0,4.7,1.4,6.9,77.96,20,Chittagong,EPA,Winter,
923,22-12-20,223,18.8,0,5.8,1.5,11.4,76.74,7,Dhaka,IQAir,Winter,
924,24-12-20,176.3,20.6,0,3.4,2,33.2,70.53,12,Mymensingh,EPA,Winter,
925,25-12-20,136.6,19.7,0,9.2,2.1,0.2,71.37,22,Rajshahi,PurpleAir,Winter,
926,27-12-20,174.6,19.2,0,9.2,1.9,2.1,69.05,12,Rangpur,PurpleAir,Winter,
927,28-12-20,212.7,19.3,0,8.1,1.7,4.8,69.38,12,Sylhet,IQAir,Winter,
928,29-12-20,202.7,20.5,0,11.4,1.9,2.1,64.93,12,Rangpur,EPA,Winter,
929,31-12-20,170.1,20.7,0,5.8,2,0,66.79,8,Khulna,PurpleAir,Winter,
930,01-01-21,153.5,20,0,6.1,2.1,0,67.93,21,Chittagong,EPA,Winter,
931,03-01-21,147.6,20.7,0,3.6,2.2,0,69,10,Rangpur,EPA,Winter,
932,04-01-21,181.4,20.8,0,3.6,2.1,6.4,71.21,22,Rajshahi,EPA,Winter,
933,06-01-21,187.8,22.6,0,3.6,2.1,12.3,66.61,8,Rangpur,IQAir,Winter,
934,07-01-21,219.9,22.7,0,3.8,1.9,10.4,68.06,15,Rangpur,PurpleAir,Winter,
935,08-01-21,191.5,23.2,0,6.9,2.1,13,65.82,15,Barishal,PurpleAir,Winter,
936,10-01-21,260.8,22.4,0,4.2,1.9,16,71.75,3,Mymensingh,PurpleAir,Winter,
937,11-01-21,266.6,23,0,3.4,1.6,16.7,74.79,17,Sylhet,EPA,Winter,
938,13-01-21,153.9,19.9,0,7,2.1,23.4,64.63,3,Sylhet,EPA,Winter,
939,14-01-21,181.7,19.4,0,6.8,2.2,31.2,64.27,8,Barishal,PurpleAir,Winter,
940,16-01-21,251.6,19.1,0,5.2,2,7.3,70.79,10,Chittagong,IQAir,Winter,
941,17-01-21,264.7,18.7,0,4.5,1.5,14,78.76,14,Sylhet,IQAir,Winter,
942,18-01-21,240.5,18.6,0,3.3,1.2,19.8,81.03,9,Rajshahi,PurpleAir,Winter,
943,20-01-21,320.4,20.5,0,5.2,0.9,70.6,82.51,2,Khulna,IQAir,Winter,
944,21-01-21,252.2,19.6,0,5.8,0.9,40.1,80.15,13,Khulna,PurpleAir,Winter,
945,23-01-21,202.9,18.7,0,4.7,0.8,50.8,83.43,17,Dhaka,EPA,Winter,
946,24-01-21,237.8,19,0,5.3,0.7,56.7,84.78,19,Dhaka,PurpleAir,Winter,
947,26-01-21,227,19.9,0,8.1,1.6,7,74.24,19,Mymensingh,PurpleAir,Winter,
948,27-01-21,174,19.1,0,8,1.5,11.1,75.36,4,Mymensingh,PurpleAir,Winter,
949,28-01-21,199.3,19,0,9.2,1.2,42.1,78.59,6,Barishal,EPA,Winter,
950,30-01-21,186,20.9,0,9.2,1.6,41.3,66.96,22,Barishal,IQAir,Winter,
951,31-01-21,204.7,19.3,0,9.2,1.5,14.7,67.86,19,Sylhet,IQAir,Winter,
952,02-02-21,199.9,18.6,0,9.3,1.7,14.1,73.57,14,Mymensingh,EPA,Winter,
953,03-02-21,180.4,19.8,0,9.2,1.9,0,63.49,20,Dhaka,PurpleAir,Winter,
954,05-02-21,166.3,22.5,0,5.2,2,3.5,68.01,10,Mymensingh,EPA,Winter,
955,06-02-21,151,22,0,11.4,1.9,10.4,69.1,14,Barishal,IQAir,Winter,
956,07-02-21,112.4,21,0,11.4,2.3,56,67.4,9,Chittagong,PurpleAir,Winter,
957,09-02-21,118.8,22,0,9.2,2.3,0,63.64,7,Rajshahi,PurpleAir,Winter,
958,10-02-21,165.6,22.4,0,9.1,2.2,15.1,62.4,11,Rajshahi,EPA,Winter,
959,12-02-21,257.8,22.9,0,4.7,1.8,59.5,66.85,19,Khulna,EPA,Winter,
960,13-02-21,225.4,21.6,0,7.6,1.8,35.3,68.59,9,Khulna,EPA,Winter,
961,15-02-21,277.4,23.2,0,3.6,1.6,36.2,69.59,21,Rajshahi,EPA,Winter,
962,16-02-21,247.1,23,0,5.2,1.5,13.3,70.21,6,Chittagong,PurpleAir,Winter,
963,17-02-21,183.2,22.8,0,6,1.8,50.4,66.4,7,Chittagong,EPA,Winter,
964,19-02-21,155.8,24.8,0,8.1,2.2,46.8,62.5,22,Rangpur,PurpleAir,Winter,
965,20-02-21,91.5,24.2,0,11.4,1.8,79,64.75,23,Rajshahi,IQAir,Winter,
966,22-02-21,142.2,24.1,0,10.3,2.4,0,56.96,23,Rangpur,EPA,Winter,
967,23-02-21,158,23.4,0,6.4,2.6,4.6,58.96,2,Chittagong,IQAir,Winter,
968,25-02-21,233.5,25.3,0,7.6,2.4,16,61.26,12,Dhaka,IQAir,Winter,
969,26-02-21,130,25.8,0,9.3,2.2,12.9,62.83,20,Rajshahi,IQAir,Winter,
970,27-02-21,115,26.2,0,10.3,2.3,1.9,61.41,6,Dhaka,EPA,Winter,
971,01-03-21,89.7,27.5,0,9.6,2.5,28.1,67.59,15,Rajshahi,IQAir,Spring,
972,02-03-21,102.5,26.9,0,11.4,2.3,15.6,62.18,18,Mymensingh,EPA,Spring,
973,04-03-21,142.3,26.2,0,11.4,2.3,0,60.42,19,Khulna,EPA,Spring,
974,05-03-21,115.6,26.9,0,12.7,2.3,30,61.86,21,Mymensingh,EPA,Spring,
975,07-03-21,91,27.3,0,11.4,2.1,48.1,66.59,20,Khulna,PurpleAir,Spring,
976,08-03-21,130.7,27.9,0,48.6,2.2,68.2,70.79,11,Chittagong,EPA,Spring,
977,09-03-21,79.2,27.7,0,11.4,2.4,62.4,64.67,7,Dhaka,IQAir,Spring,
978,11-03-21,96.5,27.7,0,9.2,2.4,69.8,68.44,9,Barishal,PurpleAir,Spring,
979,12-03-21,154.7,29,0,6.9,2.2,48.4,65.88,18,Rangpur,EPA,Spring,
980,14-03-21,95.7,26.8,0,11.4,2.3,19.9,62.91,16,Rangpur,PurpleAir,Spring,
981,15-03-21,153.6,27.8,0,10.3,2.3,10.4,56.04,2,Sylhet,PurpleAir,Spring,
982,17-03-21,152.6,27.5,0,12.8,2.2,14.8,58.67,22,Khulna,EPA,Spring,
983,18-03-21,232.2,28.7,0,5.8,2.3,19.4,57.04,6,Rangpur,PurpleAir,Spring,
984,19-03-21,245.8,28.7,0,11.4,2.2,49.1,60.03,17,Rangpur,IQAir,Spring,
985,21-03-21,318.4,29.2,0,5.8,2,51.4,60.61,12,Rangpur,EPA,Spring,
986,22-03-21,188.1,29.8,0,11.4,2.2,39.1,56.53,13,Barishal,PurpleAir,Spring,
987,24-03-21,195.7,30.4,0,9.2,2.3,14.8,57.57,4,Sylhet,IQAir,Spring,
988,25-03-21,127.1,31,0,11.4,2.3,25.8,56.88,18,Dhaka,PurpleAir,Spring,
989,27-03-21,149.1,30.1,0,11.4,2.3,5.5,53.35,1,Khulna,PurpleAir,Spring,
990,28-03-21,146.5,30.3,0,13.9,2.3,21.9,52.54,15,Khulna,PurpleAir,Spring,
991,29-03-21,157.7,30.1,0,18.3,2.1,27,61.65,17,Rangpur,EPA,Spring,
992,31-03-21,76.2,29.5,0,23,2.4,85.8,71.33,4,Dhaka,IQAir,Spring,
993,01-04-21,76,30.7,0,117.4,2.4,49.1,62.13,17,Dhaka,EPA,Spring,
994,03-04-21,111.3,30.8,0,9.2,2.3,43.6,60.29,14,Khulna,IQAir,Spring,
995,04-04-21,136.1,28.8,0,32.2,2.3,39.3,65.7,21,Barishal,EPA,Spring,
996,06-04-21,139.2,29.1,0,9.2,2.4,0,53.23,6,Sylhet,IQAir,Spring,
997,07-04-21,221.4,30.1,0,16.1,2.4,9.9,55.01,13,Chittagong,PurpleAir,Spring,
998,10-04-21,54.8,30.3,0,9.2,2.4,72.8,65.64,12,Rajshahi,IQAir,Spring,
999,12-04-21,91.5,31.3,0,11.4,2.4,42.3,59.4,2,Rangpur,IQAir,Spring,
1000,13-04-21,64,31.7,0,15,2.5,15.6,57.59,22,Barishal,IQAir,Spring,
1001,15-04-21,41.2,31.3,0,13.9,2.5,67,61.73,7,Sylhet,PurpleAir,Spring,
1002,16-04-21,48.1,30.5,0,13.9,2.5,67.7,64.09,18,Sylhet,IQAir,Spring,
1003,18-04-21,58.2,30.7,0,12.8,2.5,41.6,60.25,9,Rajshahi,PurpleAir,Spring,
1004,19-04-21,35.9,30.6,0,18.3,2.5,16,64.31,2,Khulna,EPA,Spring,
1005,20-04-21,33.5,31.4,0,18.3,2.5,30.8,61.72,2,Rangpur,IQAir,Spring,
1006,22-04-21,58.2,30.3,0,16.1,2.5,87.9,66.97,6,Chittagong,PurpleAir,Spring,
1007,23-04-21,74.8,30.3,0,16.1,2.5,68.6,62.36,20,Dhaka,PurpleAir,Spring,
1008,25-04-21,122.2,31.8,0,11.4,2.5,15.7,56.81,12,Barishal,PurpleAir,Spring,
1009,26-04-21,55.3,31.7,0,15,2.5,4.6,55.97,10,Mymensingh,IQAir,Spring,
1010,28-04-21,58.7,32.5,0,11.4,2.5,39.1,56.01,23,Sylhet,EPA,Spring,
1011,29-04-21,105.1,31,0,17.2,2.4,28.7,62.38,10,Dhaka,PurpleAir,Spring,
1012,30-04-21,119,32.1,0,11.4,2.5,35.2,55.3,3,Barishal,IQAir,Spring,
1013,02-05-21,107.6,30.7,0,13.9,2.5,64.6,62.87,9,Barishal,PurpleAir,Spring,
1014,03-05-21,68,29,0,11.4,2.5,75.1,65.81,18,Mymensingh,PurpleAir,Spring,
1015,05-05-21,127.1,29.5,0,11.4,2.3,77.4,67.89,5,Dhaka,PurpleAir,Spring,
1016,06-05-21,65.1,28.6,0,11.4,2.5,64.9,70.79,10,Barishal,PurpleAir,Spring,
1017,08-05-21,45.9,30.2,0,11.4,2.5,60.2,62.17,13,Chittagong,PurpleAir,Spring,
1018,09-05-21,65.9,30.4,0,13.9,2.5,43.1,60.76,21,Rangpur,PurpleAir,Spring,
1019,10-05-21,64.1,30.2,0,23,2.4,59.1,62.45,7,Barishal,IQAir,Spring,
1020,12-05-21,57.2,28.9,0,9.2,2.5,63.5,64.75,18,Rangpur,EPA,Spring,
1021,13-05-21,36.4,29,0,11.4,2.5,85.9,68.63,2,Sylhet,PurpleAir,Spring,
1022,15-05-21,50.6,30.5,0,16.1,2.3,75.3,64.65,15,Mymensingh,PurpleAir,Spring,
1023,16-05-21,31.4,29.7,0,11.4,2.5,87.4,69.84,15,Chittagong,IQAir,Spring,
1024,18-05-21,22.2,30.3,0,18.3,2.4,79.1,72.52,20,Khulna,IQAir,Spring,
1025,19-05-21,32.9,31.5,0,18.3,2.5,71.9,65.96,14,Mymensingh,EPA,Spring,
1026,20-05-21,17.8,31.8,0,18.3,2.5,85.8,65,18,Rajshahi,IQAir,Spring,
1027,22-05-21,23.4,32.5,0,13.9,2.5,33.6,60.09,13,Dhaka,EPA,Spring,
1028,23-05-21,44.6,33,0,11.4,2.5,40.8,60.17,20,Khulna,IQAir,Spring,
1029,25-05-21,11.7,29.7,0,11.4,2.5,90,76.53,10,Mymensingh,PurpleAir,Spring,
1030,26-05-21,30.3,27.8,0,16.1,2.5,91.8,77.86,20,Khulna,EPA,Spring,
1031,28-05-21,44.6,30.1,0,15,2.5,79.3,71.78,13,Rangpur,EPA,Spring,
1032,29-05-21,62.9,31.3,0,16.1,2.5,52.3,66.14,12,Dhaka,EPA,Spring,
1033,30-05-21,40.2,30.7,0,11.4,2.5,62.4,70.99,12,Dhaka,IQAir,Spring,
